Dia,Hora,Chuva,Temperatura,Umidade
2/1/2018,0:00:00,0,23.2,84
2/1/2018,0:15:00,0,23.2,85
2/1/2018,0:30:00,0,22.5,88
2/1/2018,0:45:00,0,22.5,90
2/1/2018,1:00:00,0,22,90
2/1/2018,1:15:00,0,22.7,90
2/1/2018,1:30:00,0,22.5,89
2/1/2018,1:45:00,0,22,89
2/1/2018,2:00:00,0,22.3,90
2/1/2018,2:15:00,0,22,90
2/1/2018,2:30:00,0,22,90
2/1/2018,2:45:00,0,21.8,90
2/1/2018,3:00:00,0,22,90
2/1/2018,3:15:00,0,21.8,90
2/1/2018,3:30:00,0,21.8,91
2/1/2018,3:45:00,0,22.3,91
2/1/2018,4:00:00,0,22,90
2/1/2018,4:15:00,0,22.3,90
2/1/2018,4:30:00,0,22.5,88
2/1/2018,4:45:00,0,22.3,88
2/1/2018,5:00:00,0,22,89
2/1/2018,5:15:00,0,22,88
2/1/2018,5:30:00,0,22,88
2/1/2018,5:45:00,0,21.8,88
2/1/2018,6:00:00,0,22.5,87
2/1/2018,6:15:00,0,22.5,87
2/1/2018,6:30:00,0,22.3,88
2/1/2018,6:45:00,0,22.3,88
2/1/2018,7:00:00,0,22.5,89
2/1/2018,7:15:00,0,22.5,88
2/1/2018,7:30:00,0,22.7,87
2/1/2018,7:45:00,0,24.2,81
2/1/2018,8:00:00,0,25.9,75
2/1/2018,8:15:00,0,25.7,73
2/1/2018,8:30:00,0,26.2,70
2/1/2018,8:45:00,0,26.4,68
2/1/2018,9:00:00,0,26.9,66
2/1/2018,9:15:00,0,27.4,64
2/1/2018,9:30:00,0,28.4,61
2/1/2018,9:45:00,0,27.6,63
2/1/2018,10:00:00,0,27.1,65
2/1/2018,10:15:00,0,27.4,63
2/1/2018,10:30:00,0,28.6,60
2/1/2018,10:45:00,0,28.8,58
2/1/2018,11:00:00,0,28.6,63
2/1/2018,11:15:00,0,28.6,63
2/1/2018,11:30:00,0,28.6,63
2/1/2018,11:45:00,0,28.1,61
2/1/2018,12:00:00,0,28.4,60
2/1/2018,12:15:00,0,28.4,64
2/1/2018,12:30:00,0,28.6,60
2/1/2018,12:45:00,0,28.1,60
2/1/2018,13:00:00,0,27.9,62
2/1/2018,13:15:00,0,28.4,62
2/1/2018,13:30:00,0,28.6,58
2/1/2018,13:45:00,0,28.6,65
2/1/2018,14:00:00,0,28.4,67
2/1/2018,14:15:00,0,28.6,62
2/1/2018,14:30:00,0,28.4,64
2/1/2018,14:45:00,0,29.3,62
2/1/2018,15:00:00,0,28.8,64
2/1/2018,15:15:00,0,28.4,64
2/1/2018,15:30:00,0,28.4,65
2/1/2018,15:45:00,0,28.6,65
2/1/2018,16:00:00,0,28.1,66
2/1/2018,16:15:00,0,28.1,66
2/1/2018,16:30:00,0,28.1,67
2/1/2018,16:45:00,0,28.4,67
2/1/2018,17:00:00,0,26.9,72
2/1/2018,17:15:00,0,26.9,71
2/1/2018,17:30:00,0,27.6,71
2/1/2018,17:45:00,0,27.4,70
2/1/2018,18:00:00,0,26.9,71
2/1/2018,18:15:00,0,28.1,68
2/1/2018,18:30:00,0,27.4,67
2/1/2018,18:45:00,0,26.9,71
2/1/2018,19:00:00,0,26.4,72
2/1/2018,19:15:00,0,26.2,72
2/1/2018,19:30:00,0,26.2,73
2/1/2018,19:45:00,0,25.7,75
2/1/2018,20:00:00,0,25.2,77
2/1/2018,20:15:00,0,25.2,77
2/1/2018,20:30:00,0,24.9,77
2/1/2018,20:45:00,0,24.9,77
2/1/2018,21:00:00,0,24.5,79
2/1/2018,21:15:00,0,24.9,79
2/1/2018,21:30:00,0,24.9,80
2/1/2018,21:45:00,0,24.9,80
2/1/2018,22:00:00,0,24.9,79
2/1/2018,22:15:00,0,24.9,78
2/1/2018,22:30:00,0,24.7,77
2/1/2018,22:45:00,0,24.5,78
2/1/2018,23:00:00,0,24.7,79
2/1/2018,23:15:00,0,24.2,80
2/1/2018,23:30:00,0,24.2,80
2/1/2018,23:45:00,0,23.7,83
2/2/2018,0:00:00,0,24.2,81
2/2/2018,0:15:00,0,23.5,83
2/2/2018,0:30:00,0,23.2,85
2/2/2018,0:45:00,0,23.2,86
2/2/2018,1:00:00,0,23.5,84
2/2/2018,1:15:00,0,23.2,86
2/2/2018,1:30:00,0,22.7,86
2/2/2018,1:45:00,0,23.2,84
2/2/2018,2:00:00,0,23.5,84
2/2/2018,2:15:00,0,22.5,86
2/2/2018,2:30:00,0,22.7,86
2/2/2018,2:45:00,0,22.7,87
2/2/2018,3:00:00,0,22.7,86
2/2/2018,4:15:00,0,23,87
2/2/2018,4:30:00,0,23.2,85
2/2/2018,4:45:00,0,23,86
2/2/2018,5:00:00,0,22.7,87
2/2/2018,5:15:00,0,22.5,89
2/2/2018,5:30:00,0,22.7,88
2/2/2018,5:45:00,0,23,88
2/2/2018,6:00:00,0,23,88
2/2/2018,6:15:00,0,22.7,88
2/2/2018,6:30:00,0,22.7,89
2/2/2018,6:45:00,0,22.7,88
2/2/2018,7:00:00,0,22.7,88
2/2/2018,7:15:00,0,23.7,85
2/2/2018,7:30:00,0,24,83
2/2/2018,7:45:00,0,25.4,80
2/2/2018,8:00:00,0,25.2,80
2/2/2018,8:15:00,0,26.2,75
2/2/2018,8:30:00,0,27.4,70
2/2/2018,8:45:00,0,27.4,66
2/2/2018,9:00:00,0,28.1,64
2/2/2018,9:15:00,0,27.6,67
2/2/2018,9:30:00,0,27.6,70
2/2/2018,9:45:00,0,27.1,69
2/2/2018,10:00:00,0,27.4,69
2/2/2018,10:15:00,0,28.1,67
2/2/2018,10:30:00,0,26.9,71
2/2/2018,10:45:00,0,27.9,66
2/2/2018,11:00:00,0,27.9,65
2/2/2018,11:15:00,0,28.6,64
2/2/2018,11:30:00,0,28.4,65
2/2/2018,11:45:00,0,27.6,70
2/2/2018,12:00:00,0,27.4,72
2/2/2018,12:15:00,0,26.7,73
2/2/2018,12:30:00,0,27.6,72
2/2/2018,12:45:00,0,27.4,73
2/2/2018,13:00:00,0,26.9,75
2/2/2018,13:15:00,0,27.1,74
2/2/2018,13:30:00,0,27.1,73
2/2/2018,13:45:00,0,26.9,72
2/2/2018,14:00:00,0,26.9,71
2/2/2018,14:15:00,0,26.9,73
2/2/2018,14:30:00,0,26.9,73
2/2/2018,14:45:00,0,27.1,72
2/2/2018,15:00:00,0,28.1,69
2/2/2018,15:15:00,0,28.1,66
2/2/2018,15:30:00,0,26.7,74
2/2/2018,15:45:00,0,26.7,74
2/2/2018,16:00:00,0,27.4,71
2/2/2018,16:15:00,0,27.1,70
2/2/2018,16:30:00,0,26.9,72
2/2/2018,16:45:00,0,27.4,69
2/2/2018,17:00:00,0,27.6,69
2/2/2018,17:15:00,0,26.9,71
2/2/2018,17:30:00,0,26.7,73
2/2/2018,17:45:00,0,26.2,74
2/2/2018,18:00:00,0,26.4,73
2/2/2018,18:15:00,0,27.6,69
2/2/2018,18:30:00,0,26.4,72
2/2/2018,18:45:00,0,26.2,73
2/2/2018,19:00:00,0,26.2,73
2/2/2018,19:15:00,0,26.2,73
2/2/2018,19:30:00,0,25.9,75
2/2/2018,19:45:00,0,25.4,76
2/2/2018,20:00:00,0,25.7,77
2/2/2018,20:15:00,0,24.9,78
2/2/2018,20:30:00,0,25.2,78
2/2/2018,20:45:00,0,24.9,79
2/2/2018,21:00:00,0,25.2,80
2/2/2018,21:15:00,0,24.7,81
2/2/2018,21:30:00,0,24.9,80
2/2/2018,21:45:00,0,24.7,81
2/2/2018,22:00:00,0,24.7,81
2/2/2018,22:15:00,0,24.7,80
2/2/2018,22:30:00,0,24.5,80
2/2/2018,22:45:00,0,24.2,80
2/2/2018,23:00:00,0,24.2,80
2/2/2018,23:15:00,0,23.5,82
2/2/2018,23:30:00,0,23.7,83
2/2/2018,23:45:00,0,23.5,84
2/3/2018,0:00:00,0,23.7,84
2/3/2018,0:15:00,0,23.7,86
2/3/2018,0:30:00,0,23.7,84
2/3/2018,0:45:00,0,24,85
2/3/2018,1:00:00,0,23.7,85
2/3/2018,1:15:00,0,23.5,88
2/3/2018,1:30:00,0,23.2,88
2/3/2018,1:45:00,0,23.5,88
2/3/2018,2:00:00,0,23.7,87
2/3/2018,2:15:00,0,23.5,86
2/3/2018,2:30:00,0,23.2,88
2/3/2018,2:45:00,0,23.5,86
2/3/2018,3:00:00,0,23.2,87
2/3/2018,4:15:00,0,22.7,89
2/3/2018,4:30:00,0,22.7,89
2/3/2018,4:45:00,0,22.5,90
2/3/2018,5:00:00,0,23,87
2/3/2018,5:15:00,0,22.7,88
2/3/2018,5:30:00,0,22.7,88
2/3/2018,5:45:00,0,22.7,89
2/3/2018,6:00:00,0,23,89
2/3/2018,6:15:00,0,23.2,87
2/3/2018,6:30:00,0,23.2,85
2/3/2018,6:45:00,0,23.7,85
2/3/2018,7:00:00,0,24.7,81
2/3/2018,7:15:00,0,24,83
2/3/2018,7:30:00,0,24.2,83
2/3/2018,7:45:00,0,24.9,81
2/3/2018,8:00:00,0,25.2,81
2/3/2018,8:15:00,0,25.9,77
2/3/2018,8:30:00,0,27.1,72
2/3/2018,8:45:00,0,27.4,70
2/3/2018,9:00:00,0,26.7,73
2/3/2018,9:15:00,0,27.1,71
2/3/2018,9:30:00,0,27.1,69
2/3/2018,9:45:00,0,27.6,67
2/3/2018,10:00:00,0,27.4,66
2/3/2018,10:15:00,0,27.6,68
2/3/2018,10:30:00,0,27.1,67
2/3/2018,10:45:00,0,28.1,66
2/3/2018,11:00:00,0,27.9,67
2/3/2018,11:15:00,0,27.6,68
2/3/2018,11:30:00,0,27.6,67
2/3/2018,11:45:00,0,28.1,67
2/3/2018,12:00:00,0,27.1,71
2/3/2018,12:15:00,0,27.1,71
2/3/2018,12:30:00,0,27.1,69
2/3/2018,12:45:00,0,26.9,73
2/3/2018,13:00:00,0,26.9,75
2/3/2018,13:15:00,0,26.9,74
2/3/2018,13:30:00,0,26.9,74
2/3/2018,13:45:00,0,26.9,72
2/3/2018,14:00:00,0,27.6,70
2/3/2018,14:15:00,0,26.9,70
2/3/2018,14:30:00,0,28.1,69
2/3/2018,14:45:00,0,27.1,70
2/3/2018,15:00:00,0,26.9,72
2/3/2018,15:15:00,0,26.9,72
2/3/2018,15:30:00,0,26.9,72
2/3/2018,15:45:00,0,26.7,74
2/3/2018,16:00:00,0,26.7,73
2/3/2018,16:15:00,0,26.4,77
2/3/2018,16:30:00,0,26.4,75
2/3/2018,16:45:00,0,26.2,76
2/3/2018,17:00:00,0,26.2,75
2/3/2018,17:15:00,0,26.2,75
2/3/2018,17:30:00,0,25.9,76
2/3/2018,17:45:00,0,25.9,75
2/3/2018,18:00:00,0,25.9,76
2/3/2018,18:15:00,0,25.9,74
2/3/2018,18:30:00,0,25.7,75
2/3/2018,18:45:00,0,25.7,75
2/3/2018,19:00:00,0,25.9,75
2/3/2018,19:15:00,0,25.9,74
2/3/2018,19:30:00,0,25.9,74
2/3/2018,19:45:00,0,25.7,73
2/3/2018,20:00:00,0,25.7,73
2/3/2018,20:15:00,0,25.7,73
2/3/2018,20:30:00,0,25.7,73
2/3/2018,20:45:00,0,25.7,73
2/3/2018,21:00:00,0,25.7,73
2/3/2018,21:15:00,0,25.7,71
2/3/2018,21:30:00,0,25.7,71
2/3/2018,21:45:00,0,25.7,71
2/3/2018,22:00:00,0,25.7,71
2/3/2018,22:15:00,0,25.7,71
2/3/2018,22:30:00,0,25.7,71
2/3/2018,22:45:00,0,25.4,71
2/3/2018,23:00:00,0,25.7,70
2/3/2018,23:15:00,0,25.4,71
2/3/2018,23:30:00,0,25.4,70
2/3/2018,23:45:00,0,25.4,70
2/4/2018,0:00:00,0,25.7,69
2/4/2018,0:15:00,0,25.4,71
2/4/2018,0:30:00,0,25.4,72
2/4/2018,0:45:00,0,25.4,71
2/4/2018,1:00:00,0,25.4,71
2/4/2018,1:15:00,0,25.2,71
2/4/2018,1:30:00,0,25.2,70
2/4/2018,1:45:00,0,24.9,72
2/4/2018,2:00:00,0,24.5,73
2/4/2018,2:15:00,0,24.5,73
2/4/2018,2:30:00,0,24.2,73
2/4/2018,2:45:00,0,23.7,75
2/4/2018,3:00:00,0,24,75
2/4/2018,4:15:00,0,23.7,75
2/4/2018,4:30:00,0,23.7,74
2/4/2018,4:45:00,0,24,73
2/4/2018,5:00:00,0,23.7,72
2/4/2018,5:15:00,0,23.2,74
2/4/2018,5:30:00,0,23,75
2/4/2018,5:45:00,0,22.7,76
2/4/2018,6:00:00,0,22.3,79
2/4/2018,6:15:00,0,22.3,79
2/4/2018,6:30:00,0,22,79
2/4/2018,6:45:00,0,22,80
2/4/2018,7:00:00,0,21.8,82
2/4/2018,7:15:00,0,21.5,83
2/4/2018,7:30:00,0,21.8,82
2/4/2018,7:45:00,0,22,82
2/4/2018,8:00:00,0,22.7,81
2/4/2018,8:15:00,0,23.7,79
2/4/2018,8:30:00,0,24.5,77
2/4/2018,8:45:00,0,24.9,72
2/4/2018,9:00:00,0,25.2,64
2/4/2018,9:15:00,0,25.9,63
2/4/2018,9:30:00,0,27.1,59
2/4/2018,9:45:00,0,26.4,59
2/4/2018,10:00:00,0,27.1,59
2/4/2018,10:15:00,0,26.4,60
2/4/2018,10:30:00,0,26.7,60
2/4/2018,10:45:00,0,26.4,62
2/4/2018,11:00:00,0,27.4,58
2/4/2018,11:15:00,0,27.4,59
2/4/2018,11:30:00,0,27.9,58
2/4/2018,11:45:00,0,27.4,60
2/4/2018,12:00:00,0,28.1,57
2/4/2018,12:15:00,0,27.9,58
2/4/2018,12:30:00,0,27.6,58
2/4/2018,12:45:00,0,27.9,58
2/4/2018,13:00:00,0,27.4,57
2/4/2018,13:15:00,0,27.6,57
2/4/2018,13:30:00,0,27.6,57
2/4/2018,13:45:00,0,27.1,60
2/4/2018,14:00:00,0,27.4,60
2/4/2018,14:15:00,0,27.6,59
2/4/2018,14:30:00,0,27.6,58
2/4/2018,14:45:00,0,27.4,60
2/4/2018,15:00:00,0,26.9,60
2/4/2018,15:15:00,0,27.4,62
2/4/2018,15:30:00,0,26.9,62
2/4/2018,15:45:00,0,27.6,62
2/4/2018,16:00:00,0,26.7,65
2/4/2018,16:15:00,0,26.9,64
2/4/2018,16:30:00,0,27.4,64
2/4/2018,16:45:00,0,27.1,65
2/4/2018,17:00:00,0,26.9,65
2/4/2018,17:15:00,0,26.7,68
2/4/2018,17:30:00,0,26.7,66
2/4/2018,17:45:00,0,26.7,66
2/4/2018,18:00:00,0,26.7,66
2/4/2018,18:15:00,0,26.4,66
2/4/2018,18:30:00,0,26.2,68
2/4/2018,18:45:00,0,26.2,68
2/4/2018,19:00:00,0,25.9,69
2/4/2018,19:15:00,0,25.7,69
2/4/2018,19:30:00,0,25.9,69
2/4/2018,19:45:00,0,25.9,69
2/4/2018,20:00:00,0,25.9,69
2/4/2018,20:15:00,0,25.4,72
2/4/2018,20:30:00,0,24.9,74
2/4/2018,20:45:00,0,24.9,76
2/4/2018,21:00:00,0,24.5,75
2/4/2018,21:15:00,0,24.7,76
2/4/2018,21:30:00,0,24.7,74
2/4/2018,21:45:00,0,24.5,77
2/4/2018,22:00:00,0,24.2,78
2/4/2018,22:15:00,0,24.2,78
2/4/2018,22:30:00,0,24.2,78
2/4/2018,22:45:00,0,23.7,81
2/4/2018,23:00:00,0,24,80
2/4/2018,23:15:00,0,23.7,80
2/4/2018,23:30:00,0,23.5,81
2/4/2018,23:45:00,0,23.2,82
2/5/2018,0:00:00,0,23.2,82
2/5/2018,0:15:00,0,23.2,82
2/5/2018,0:30:00,0,23.5,82
2/5/2018,0:45:00,0,23,81
2/5/2018,1:00:00,0,23.5,80
2/5/2018,1:15:00,0,23.2,78
2/5/2018,1:30:00,0,23,80
2/5/2018,1:45:00,0,23,79
2/5/2018,2:00:00,0,23.2,78
2/5/2018,2:15:00,0,23.2,80
2/5/2018,2:30:00,0,23,80
2/5/2018,2:45:00,0,22.7,80
2/5/2018,3:00:00,0,22.7,81
2/5/2018,4:15:00,0,21.8,86
2/5/2018,4:30:00,0,21.8,87
2/5/2018,4:45:00,0.2,21.8,89
2/5/2018,5:00:00,0.2,22,91
2/5/2018,5:15:00,0.2,21.8,89
2/5/2018,5:30:00,0.2,21.5,90
2/5/2018,5:45:00,0,21.3,91
2/5/2018,6:00:00,0.2,21,93
2/5/2018,6:15:00,0,21,93
2/5/2018,6:30:00,0,21.3,93
2/5/2018,6:45:00,0,21,93
2/5/2018,7:00:00,0,21.3,93
2/5/2018,7:15:00,0,21.3,94
2/5/2018,7:30:00,0,21.3,94
2/5/2018,7:45:00,0,21.5,94
2/5/2018,8:00:00,0,21.5,93
2/5/2018,8:15:00,0,21.8,94
2/5/2018,8:30:00,0,22,93
2/5/2018,8:45:00,0,22.5,91
2/5/2018,9:00:00,0,23,88
2/5/2018,9:15:00,0,23.5,86
2/5/2018,9:30:00,0,23.5,83
2/5/2018,9:45:00,0,24.5,80
2/5/2018,10:00:00,0,24.2,79
2/5/2018,10:15:00,0,24.2,79
2/5/2018,10:30:00,0.2,23.7,82
2/5/2018,10:45:00,0.2,23.2,83
2/5/2018,11:00:00,0,23,78
2/5/2018,11:15:00,0,22.7,78
2/5/2018,11:30:00,0,23,80
2/5/2018,11:45:00,0,22.7,81
2/5/2018,12:00:00,0,22.7,79
2/5/2018,12:15:00,0,22.5,77
2/5/2018,12:30:00,0,22.5,75
2/5/2018,12:45:00,0,22.5,76
2/5/2018,13:00:00,0,22.7,80
2/5/2018,13:15:00,0.2,22.3,79
2/5/2018,13:30:00,0.2,22.5,83
2/5/2018,13:45:00,0.2,22.3,84
2/5/2018,14:00:00,0.4,22.3,86
2/5/2018,14:15:00,0.6,22,87
2/5/2018,14:30:00,0.2,22.3,88
2/5/2018,14:45:00,0.4,22,89
2/5/2018,15:00:00,0.4,22,90
2/5/2018,15:15:00,0.4,22,90
2/5/2018,15:30:00,0.4,22.3,90
2/5/2018,15:45:00,0.8,22,91
2/5/2018,16:00:00,1,22.3,91
2/5/2018,16:15:00,0.6,22,91
2/5/2018,16:30:00,0.2,21.8,92
2/5/2018,16:45:00,0.2,21.5,92
2/5/2018,17:00:00,0.2,21.8,92
2/5/2018,17:15:00,0,22,92
2/5/2018,17:30:00,0,22,92
2/5/2018,17:45:00,0,22,92
2/5/2018,18:00:00,0.2,21.8,92
2/5/2018,18:15:00,0.2,22,93
2/5/2018,18:30:00,0.2,22,92
2/5/2018,18:45:00,0,22,92
2/5/2018,19:00:00,0,21.8,92
2/5/2018,19:15:00,0,22,93
2/5/2018,19:30:00,0.2,22,94
2/5/2018,19:45:00,0.2,21.8,94
2/5/2018,20:00:00,0.2,22,94
2/5/2018,20:15:00,0,21.8,95
2/5/2018,20:30:00,0,21.8,95
2/5/2018,20:45:00,0.2,21.8,95
2/5/2018,21:00:00,0,21.5,96
2/5/2018,21:15:00,0.2,21.5,96
2/5/2018,21:30:00,0,21,96
2/5/2018,21:45:00,0,21.3,96
2/5/2018,22:00:00,0,21,96
2/5/2018,22:15:00,0,21,96
2/5/2018,22:30:00,0,21.3,96
2/5/2018,22:45:00,0,21.3,95
2/5/2018,23:00:00,0,21.3,95
2/5/2018,23:15:00,0,21.3,95
2/5/2018,23:30:00,0,21.3,95
2/5/2018,23:45:00,0,21.3,95
2/6/2018,0:00:00,0,21,96
2/6/2018,0:15:00,0,21,96
2/6/2018,0:30:00,0,21,96
2/6/2018,0:45:00,0,21,96
2/6/2018,1:00:00,0,21,96
2/6/2018,1:15:00,0,21,96
2/6/2018,1:30:00,0.2,21,96
2/6/2018,1:45:00,0,20.8,96
2/6/2018,2:00:00,0,21,96
2/6/2018,2:15:00,0,21,96
2/6/2018,2:30:00,0,21,96
2/6/2018,2:45:00,0.2,20.8,96
2/6/2018,3:00:00,0,20.8,97
2/6/2018,4:15:00,0.2,21,97
2/6/2018,4:30:00,0,21,97
2/6/2018,4:45:00,0,20.8,97
2/6/2018,5:00:00,0,20.8,97
2/6/2018,5:15:00,0,21,97
2/6/2018,5:30:00,0,20.8,97
2/6/2018,5:45:00,0,20.8,97
2/6/2018,6:00:00,0,20.8,96
2/6/2018,6:15:00,0,20.8,96
2/6/2018,6:30:00,0,20.8,96
2/6/2018,6:45:00,0,21,96
2/6/2018,7:00:00,0,20.8,96
2/6/2018,7:15:00,0,21,97
2/6/2018,7:30:00,0,21,97
2/6/2018,7:45:00,0.2,21,97
2/6/2018,8:00:00,0,21,97
2/6/2018,8:15:00,0,21.3,97
2/6/2018,8:30:00,0,21.5,97
2/6/2018,8:45:00,0,21.5,96
2/6/2018,9:00:00,0.2,21.8,96
2/6/2018,9:15:00,0,22.3,96
2/6/2018,9:30:00,0,22.5,94
2/6/2018,9:45:00,0,23.5,92
2/6/2018,10:00:00,0,23.7,89
2/6/2018,10:15:00,0,24.5,87
2/6/2018,10:30:00,0,25.2,79
2/6/2018,10:45:00,0,25.4,78
2/6/2018,11:00:00,0,26.7,74
2/6/2018,11:15:00,0,25.7,74
2/6/2018,11:30:00,0,26.2,73
2/6/2018,11:45:00,0,26.2,73
2/6/2018,12:00:00,0,25.9,71
2/6/2018,12:15:00,0,26.4,72
2/6/2018,12:30:00,0,26.4,73
2/6/2018,12:45:00,0,27.1,69
2/6/2018,13:00:00,0,27.1,66
2/6/2018,13:15:00,0,27.1,67
2/6/2018,13:30:00,0,28.1,65
2/6/2018,13:45:00,0,27.9,100
2/6/2018,14:00:00,0,27.6,67
2/6/2018,14:15:00,0,27.1,67
2/6/2018,14:30:00,0,28.4,66
2/6/2018,14:45:00,0,29.3,63
2/6/2018,15:00:00,0,28.1,66
2/6/2018,15:15:00,0,26.7,71
2/6/2018,15:30:00,0,27.6,69
2/6/2018,15:45:00,0,27.4,69
2/6/2018,16:00:00,0,26.7,68
2/6/2018,16:15:00,0,26.4,71
2/6/2018,16:30:00,0,26.2,73
2/6/2018,16:45:00,0,26.2,74
2/6/2018,17:00:00,0,25.7,75
2/6/2018,17:15:00,0,25.7,76
2/6/2018,17:30:00,0,25.4,76
2/6/2018,17:45:00,0,25.7,75
2/6/2018,18:00:00,0,25.9,76
2/6/2018,18:15:00,0,25.7,76
2/6/2018,18:30:00,0,25.7,76
2/6/2018,18:45:00,0,25.7,76
2/6/2018,19:00:00,0,25.7,76
2/6/2018,19:15:00,0,25.7,76
2/6/2018,19:30:00,0,25.4,76
2/6/2018,19:45:00,0,25.4,76
2/6/2018,20:00:00,0,25.4,78
2/6/2018,20:15:00,0,24.7,81
2/6/2018,20:30:00,0,24,84
2/6/2018,20:45:00,0,24.2,86
2/6/2018,21:00:00,0,24,86
2/6/2018,21:15:00,0,23.7,88
2/6/2018,21:30:00,0,23.5,89
2/6/2018,21:45:00,0,23.2,91
2/6/2018,22:00:00,0,23,92
2/6/2018,22:15:00,0,23,93
2/6/2018,22:30:00,0.2,23.2,94
2/6/2018,22:45:00,0.2,22.5,94
2/6/2018,23:00:00,0.2,22.7,94
2/6/2018,23:15:00,0.2,22.3,94
2/6/2018,23:30:00,0.2,22.7,95
2/6/2018,23:45:00,0.2,22.3,95
2/7/2018,0:00:00,0,22.3,96
2/7/2018,0:15:00,0.2,22.3,96
2/7/2018,0:30:00,0.2,22.5,96
2/7/2018,0:45:00,0.2,22.5,96
2/7/2018,1:00:00,0,22.3,96
2/7/2018,1:15:00,0.2,22.3,96
2/7/2018,1:30:00,0,22,96
2/7/2018,1:45:00,0,22,97
2/7/2018,2:00:00,0.2,21.8,97
2/7/2018,2:15:00,0,21.8,97
2/7/2018,2:30:00,0.2,21.8,97
2/7/2018,2:45:00,0,21.5,97
2/7/2018,3:00:00,0,21.8,97
2/7/2018,4:15:00,0,22,97
2/7/2018,4:30:00,0,21.8,96
2/7/2018,4:45:00,0,21.8,97
2/7/2018,5:00:00,0,21.5,97
2/7/2018,5:15:00,0,21.8,97
2/7/2018,5:30:00,0,22,97
2/7/2018,5:45:00,0,21.8,97
2/7/2018,6:00:00,0,21.5,97
2/7/2018,6:15:00,0,22,97
2/7/2018,6:30:00,0,21.8,97
2/7/2018,6:45:00,0,22,97
2/7/2018,7:00:00,0,22,97
2/7/2018,7:15:00,0,22.3,97
2/7/2018,7:30:00,0,22.3,97
2/7/2018,7:45:00,0,22.5,97
2/7/2018,8:00:00,0,22.5,97
2/7/2018,8:15:00,0,22.7,97
2/7/2018,8:30:00,0,23,97
2/7/2018,8:45:00,0,24.2,96
2/7/2018,9:00:00,0,24.2,92
2/7/2018,9:15:00,0,25.4,86
2/7/2018,9:30:00,0,26.4,77
2/7/2018,9:45:00,0,26.7,76
2/7/2018,10:00:00,0,27.1,76
2/7/2018,10:15:00,0,26.7,78
2/7/2018,10:30:00,0,26.7,76
2/7/2018,10:45:00,0,27.1,76
2/7/2018,11:00:00,0,27.4,74
2/7/2018,11:15:00,0,27.1,74
2/7/2018,11:30:00,0,26.4,76
2/7/2018,11:45:00,0,26.9,75
2/7/2018,12:00:00,0,26.4,78
2/7/2018,12:15:00,0,26.7,77
2/7/2018,12:30:00,0,26.2,79
2/7/2018,12:45:00,0,26.4,81
2/7/2018,13:00:00,0,27.6,73
2/7/2018,13:15:00,0,27.9,71
2/7/2018,13:30:00,0,28.1,72
2/7/2018,13:45:00,0,27.9,72
2/7/2018,14:00:00,0,27.6,76
2/7/2018,14:15:00,0,26.2,80
2/7/2018,14:30:00,0,26.9,76
2/7/2018,14:45:00,0,27.6,73
2/7/2018,15:00:00,0,27.4,73
2/7/2018,15:15:00,0,26.7,77
2/7/2018,15:30:00,0,27.1,72
2/7/2018,15:45:00,0,28.1,72
2/7/2018,16:00:00,0,26.9,76
2/7/2018,16:15:00,0,26.4,76
2/7/2018,16:30:00,0,26.7,77
2/7/2018,16:45:00,0,26.4,78
2/7/2018,17:00:00,0,26.4,76
2/7/2018,17:15:00,0,27.1,70
2/7/2018,17:30:00,0,26.7,73
2/7/2018,17:45:00,0,26.4,75
2/7/2018,18:00:00,0,27.4,72
2/7/2018,18:15:00,0,27.4,73
2/7/2018,18:30:00,0,26.4,76
2/7/2018,18:45:00,0,26.4,77
2/7/2018,19:00:00,0,26.4,78
2/7/2018,19:15:00,0,26.2,77
2/7/2018,19:30:00,0,26.2,79
2/7/2018,19:45:00,0,25.9,79
2/7/2018,20:00:00,0,25.9,80
2/7/2018,20:15:00,0,25.7,80
2/7/2018,20:30:00,0,25.2,83
2/7/2018,20:45:00,0,25.2,84
2/7/2018,21:00:00,0,25.2,84
2/7/2018,21:15:00,0,24.7,85
2/7/2018,21:30:00,0,25.4,84
2/7/2018,21:45:00,0,25.4,84
2/7/2018,22:00:00,0,25.2,84
2/7/2018,22:15:00,0,24.9,86
2/7/2018,22:30:00,0,24.9,86
2/7/2018,22:45:00,0,24.5,86
2/7/2018,23:00:00,0,24.9,83
2/7/2018,23:15:00,0,24.5,84
2/7/2018,23:30:00,0,23.7,87
2/7/2018,23:45:00,0,23.7,89
2/8/2018,0:00:00,0,24,87
2/8/2018,0:15:00,0,23.2,88
2/8/2018,0:30:00,0,23.2,88
2/8/2018,0:45:00,0,23.2,89
2/8/2018,1:00:00,0,23,89
2/8/2018,1:15:00,0,22.7,90
2/8/2018,1:30:00,0,22.7,90
2/8/2018,1:45:00,0,22.5,91
2/8/2018,2:00:00,0,22.5,92
2/8/2018,2:15:00,0,22.7,92
2/8/2018,2:30:00,0,22.5,92
2/8/2018,2:45:00,0,22.3,93
2/8/2018,3:00:00,0,22.3,94
2/8/2018,4:15:00,0,22.5,94
2/8/2018,4:30:00,0,22,94
2/8/2018,4:45:00,0,22.3,94
2/8/2018,5:00:00,0,22,94
2/8/2018,5:15:00,0,22,94
2/8/2018,5:30:00,0,22,95
2/8/2018,5:45:00,0,22,94
2/8/2018,6:00:00,0,21.8,94
2/8/2018,6:15:00,0,21.8,94
2/8/2018,6:30:00,0,22,95
2/8/2018,6:45:00,0,21.8,94
2/8/2018,7:00:00,0,22,94
2/8/2018,7:15:00,0,23,93
2/8/2018,7:30:00,0,23.2,92
2/8/2018,7:45:00,0,23.5,90
2/8/2018,8:00:00,0,24.7,86
2/8/2018,8:15:00,0,25.9,79
2/8/2018,8:30:00,0,26.9,78
2/8/2018,8:45:00,0,27.6,74
2/8/2018,9:00:00,0,28.1,69
2/8/2018,9:15:00,0,27.6,68
2/8/2018,9:30:00,0,26.9,72
2/8/2018,9:45:00,0,28.4,67
2/8/2018,10:00:00,0,28.4,65
2/8/2018,10:15:00,0,28.1,70
2/8/2018,10:30:00,0,28.8,67
2/8/2018,10:45:00,0,28.4,70
2/8/2018,11:00:00,0,28.6,71
2/8/2018,11:15:00,0,28.4,70
2/8/2018,11:30:00,0,28.4,69
2/8/2018,11:45:00,0,27.6,73
2/8/2018,12:00:00,0,27.6,76
2/8/2018,12:15:00,0,27.4,77
2/8/2018,12:30:00,0,27.4,77
2/8/2018,12:45:00,0,27.4,75
2/8/2018,13:00:00,0,27.6,75
2/8/2018,13:15:00,0,28.1,73
2/8/2018,13:30:00,0,27.9,73
2/8/2018,13:45:00,0,28.1,73
2/8/2018,14:00:00,0,27.6,74
2/8/2018,14:15:00,0,28.4,72
2/8/2018,14:30:00,0,28.1,73
2/8/2018,14:45:00,0,27.6,75
2/8/2018,15:00:00,0,27.6,74
2/8/2018,15:15:00,0,27.9,74
2/8/2018,15:30:00,0,29.1,71
2/8/2018,15:45:00,0,28.1,74
2/8/2018,16:00:00,0,27.9,74
2/8/2018,16:15:00,0,27.6,74
2/8/2018,16:30:00,0,28.8,71
2/8/2018,16:45:00,0,27.9,71
2/8/2018,17:00:00,0,27.6,71
2/8/2018,17:15:00,0,27.9,70
2/8/2018,17:30:00,0,27.9,72
2/8/2018,17:45:00,0,28.1,70
2/8/2018,18:00:00,0,27.9,72
2/8/2018,18:15:00,0,27.6,72
2/8/2018,18:30:00,0,27.1,75
2/8/2018,18:45:00,0,26.9,75
2/8/2018,19:00:00,0,26.9,78
2/8/2018,19:15:00,0,26.9,78
2/8/2018,19:30:00,0,26.9,77
2/8/2018,19:45:00,0,26.7,79
2/8/2018,20:00:00,0,26.2,81
2/8/2018,20:15:00,0,26.2,83
2/8/2018,20:30:00,0,26.2,83
2/8/2018,20:45:00,0,26.2,83
2/8/2018,21:00:00,0,25.9,83
2/8/2018,21:15:00,0,25.4,86
2/8/2018,21:30:00,0,25.4,86
2/8/2018,21:45:00,0,25.2,87
2/8/2018,22:00:00,0,25.4,87
2/8/2018,22:15:00,0,25.4,87
2/8/2018,22:30:00,0,25.2,87
2/8/2018,22:45:00,0,24.7,88
2/8/2018,23:00:00,0,24.9,87
2/8/2018,23:15:00,0,24.7,87
2/8/2018,23:30:00,0,24,89
2/8/2018,23:45:00,0,24,90
2/9/2018,0:00:00,0,24,91
2/9/2018,0:15:00,0,24,91
2/9/2018,0:30:00,0,24.2,91
2/9/2018,0:45:00,0,24.2,90
2/9/2018,1:00:00,0,24.5,89
2/9/2018,1:15:00,0,24.5,88
2/9/2018,1:30:00,0,23.7,89
2/9/2018,1:45:00,0,23.7,91
2/9/2018,2:00:00,0,23.2,91
2/9/2018,2:15:00,0,23.5,90
2/9/2018,2:30:00,0,23.2,91
2/9/2018,2:45:00,0,23.2,92
2/9/2018,3:00:00,0,23,92
2/9/2018,4:15:00,0,22.7,94
2/9/2018,4:30:00,0,22.5,94
2/9/2018,4:45:00,0,22.5,95
2/9/2018,5:00:00,0,22.5,95
2/9/2018,5:15:00,0,22.3,95
2/9/2018,5:30:00,0,22.5,95
2/9/2018,5:45:00,0,22.5,94
2/9/2018,6:00:00,0,22.5,95
2/9/2018,6:15:00,0,22.5,95
2/9/2018,6:30:00,0,22,94
2/9/2018,6:45:00,0,22.5,94
2/9/2018,7:00:00,0,22.5,94
2/9/2018,7:15:00,0,23.2,93
2/9/2018,7:30:00,0,24,91
2/9/2018,7:45:00,0,25.2,87
2/9/2018,8:00:00,0,25.4,84
2/9/2018,8:15:00,0,26.4,81
2/9/2018,8:30:00,0,26.7,79
2/9/2018,8:45:00,0,27.4,78
2/9/2018,9:00:00,0,27.1,79
2/9/2018,9:15:00,0,27.4,77
2/9/2018,9:30:00,0,27.4,76
2/9/2018,9:45:00,0,27.9,76
2/9/2018,10:00:00,0,28.1,73
2/9/2018,10:15:00,0,29.3,68
2/9/2018,10:30:00,0,29.6,66
2/9/2018,10:45:00,0,29.6,67
2/9/2018,11:00:00,0,30.6,64
2/9/2018,11:15:00,0,30.8,61
2/9/2018,11:30:00,0,30.3,66
2/9/2018,11:45:00,0,30.3,65
2/9/2018,12:00:00,0,30.1,65
2/9/2018,12:15:00,0,29.8,66
2/9/2018,12:30:00,0,30.6,65
2/9/2018,12:45:00,0,29.1,71
2/9/2018,13:00:00,0,29.8,70
2/9/2018,13:15:00,0,30.3,69
2/9/2018,13:30:00,0,29.8,70
2/9/2018,13:45:00,0,29.3,72
2/9/2018,14:00:00,0,30.1,70
2/9/2018,14:15:00,0,30.3,69
2/9/2018,14:30:00,0,30.1,70
2/9/2018,14:45:00,0,30.1,69
2/9/2018,15:00:00,0,30.6,68
2/9/2018,15:15:00,0,30.3,66
2/9/2018,15:30:00,0,30.3,64
2/9/2018,15:45:00,0,30.3,69
2/9/2018,16:00:00,0,29.8,71
2/9/2018,16:15:00,0,30.3,71
2/9/2018,16:30:00,0,29.8,73
2/9/2018,16:45:00,0,29.6,77
2/9/2018,17:00:00,0,28.6,80
2/9/2018,17:15:00,0,29.1,78
2/9/2018,17:30:00,0,29.1,79
2/9/2018,17:45:00,0,28.4,82
2/9/2018,18:00:00,0,28.6,81
2/9/2018,18:15:00,0,28.6,81
2/9/2018,18:30:00,0,28.1,83
2/9/2018,18:45:00,0,27.9,85
2/9/2018,19:00:00,0,27.6,86
2/9/2018,19:15:00,0,27.9,85
2/9/2018,19:30:00,0,27.9,85
2/9/2018,19:45:00,0,27.9,85
2/9/2018,20:00:00,0,27.6,85
2/9/2018,20:15:00,0,27.4,87
2/9/2018,20:30:00,0,27.1,88
2/9/2018,20:45:00,0,26.9,89
2/9/2018,21:00:00,0,26.7,89
2/9/2018,21:15:00,0,26.7,89
2/9/2018,21:30:00,0,26.4,89
2/9/2018,21:45:00,0,26.4,90
2/9/2018,22:00:00,0,26.4,88
2/9/2018,22:15:00,0,26.4,89
2/9/2018,22:30:00,0,26.2,87
2/9/2018,22:45:00,0,26.4,86
2/9/2018,23:00:00,0,26.2,88
2/9/2018,23:15:00,0,26.4,87
2/9/2018,23:30:00,0,26.2,86
2/9/2018,23:45:00,0,25.7,88
2/10/2018,0:00:00,0,26.2,87
2/10/2018,0:15:00,0,26.4,86
2/10/2018,0:30:00,0,25.9,88
2/10/2018,0:45:00,0,25.7,89
2/10/2018,1:00:00,0,25.2,89
2/10/2018,1:15:00,0,25.4,90
2/10/2018,1:30:00,0,25.4,89
2/10/2018,1:45:00,0,25.2,91
2/10/2018,2:00:00,0,25.2,90
2/10/2018,2:15:00,0,24.9,91
2/10/2018,2:30:00,0,24.9,92
2/10/2018,2:45:00,0,24.7,92
2/10/2018,3:00:00,0,25.4,88
2/10/2018,4:15:00,0,24.7,91
2/10/2018,4:30:00,0,24.9,90
2/10/2018,4:45:00,0,24.7,90
2/10/2018,5:00:00,0,24.9,91
2/10/2018,5:15:00,0,24.9,89
2/10/2018,5:30:00,0,24.7,90
2/10/2018,5:45:00,0,24.5,91
2/10/2018,6:00:00,0,24.2,92
2/10/2018,6:15:00,0,24.5,91
2/10/2018,6:30:00,0,24.5,91
2/10/2018,6:45:00,0,24.5,91
2/10/2018,7:00:00,0,24.5,91
2/10/2018,7:15:00,0,24.9,92
2/10/2018,7:30:00,0,26.4,88
2/10/2018,7:45:00,0,26.7,84
2/10/2018,8:00:00,0,28.8,77
2/10/2018,8:15:00,0,28.6,79
2/10/2018,8:30:00,0,28.6,79
2/10/2018,8:45:00,0,28.6,79
2/10/2018,9:00:00,0,28.6,79
2/10/2018,9:15:00,0,29.1,77
2/10/2018,9:30:00,0,28.8,77
2/10/2018,9:45:00,0,30.1,74
2/10/2018,10:00:00,0,30.3,71
2/10/2018,10:15:00,0,30.3,70
2/10/2018,10:30:00,0,31.5,67
2/10/2018,10:45:00,0,31.8,65
2/10/2018,11:00:00,0,32,65
2/10/2018,11:15:00,0,31.8,66
2/10/2018,11:30:00,0,32.8,63
2/10/2018,11:45:00,0,33.5,58
2/10/2018,12:00:00,0,33.5,53
2/10/2018,12:15:00,0,32.8,61
2/10/2018,12:30:00,0,33.2,59
2/10/2018,12:45:00,0,33,63
2/10/2018,13:00:00,0,32,65
2/10/2018,13:15:00,0,32.3,63
2/10/2018,13:30:00,0,31.8,66
2/10/2018,13:45:00,0,32.3,64
2/10/2018,14:00:00,0,31.8,64
2/10/2018,14:15:00,0,32.3,63
2/10/2018,14:30:00,0,32,63
2/10/2018,14:45:00,0,32,64
2/10/2018,15:00:00,0,32.3,63
2/10/2018,15:15:00,0,32.5,59
2/10/2018,15:30:00,0,32.8,60
2/10/2018,15:45:00,0,32.5,62
2/10/2018,16:00:00,0,32,63
2/10/2018,16:15:00,0,32,66
2/10/2018,16:30:00,0,31.8,67
2/10/2018,16:45:00,0,32,67
2/10/2018,17:00:00,0,31.3,67
2/10/2018,17:15:00,0,31.5,68
2/10/2018,17:30:00,0,31.5,67
2/10/2018,17:45:00,0,30.8,68
2/10/2018,18:00:00,0,31.3,64
2/10/2018,18:15:00,0,31,69
2/10/2018,18:30:00,0,31,71
2/10/2018,18:45:00,0,30.8,70
2/10/2018,19:00:00,0,30.3,72
2/10/2018,19:15:00,0,30.3,72
2/10/2018,19:30:00,0,30.1,73
2/10/2018,19:45:00,0,30.3,72
2/10/2018,20:00:00,0,30.1,73
2/10/2018,20:15:00,0,29.1,76
2/10/2018,20:30:00,0,28.8,79
2/10/2018,20:45:00,0,28.8,79
2/10/2018,21:00:00,0,29.1,77
2/10/2018,21:15:00,0,29.1,79
2/10/2018,21:30:00,0,28.4,82
2/10/2018,21:45:00,0,28.1,83
2/10/2018,22:00:00,0,28.4,80
2/10/2018,22:15:00,0,30.1,68
2/10/2018,22:30:00,0,30.3,65
2/10/2018,22:45:00,0,30.1,67
2/10/2018,23:00:00,0,29.8,70
2/10/2018,23:15:00,0,29.6,72
2/10/2018,23:30:00,0,29.6,75
2/10/2018,23:45:00,0,29.6,76
2/11/2018,0:00:00,0,29.3,69
2/11/2018,0:15:00,0,29.3,70
2/11/2018,0:30:00,0,28.8,76
2/11/2018,0:45:00,0,28.4,75
2/11/2018,1:00:00,0,28.1,73
2/11/2018,1:15:00,0,27.6,75
2/11/2018,1:30:00,0,27.6,75
2/11/2018,1:45:00,0,27.9,75
2/11/2018,2:00:00,0,27.1,78
2/11/2018,2:15:00,0,27.4,78
2/11/2018,2:30:00,0,26.4,82
2/11/2018,2:45:00,0,26.4,83
2/11/2018,3:00:00,0,27.1,79
2/11/2018,4:15:00,0,26.2,83
2/11/2018,4:30:00,0,25.9,84
2/11/2018,4:45:00,0,25.4,86
2/11/2018,5:00:00,0,25.2,87
2/11/2018,5:15:00,0,25.2,86
2/11/2018,5:30:00,0,25.4,84
2/11/2018,5:45:00,0,25.2,81
2/11/2018,6:00:00,0,24.9,83
2/11/2018,6:15:00,0,24.7,84
2/11/2018,6:30:00,0,25.2,81
2/11/2018,6:45:00,0,24.7,83
2/11/2018,7:00:00,0,25.2,83
2/11/2018,7:15:00,0,24.9,82
2/11/2018,7:30:00,0,25.4,81
2/11/2018,7:45:00,0,26.2,79
2/11/2018,8:00:00,0,28.4,73
2/11/2018,8:15:00,0,28.1,68
2/11/2018,8:30:00,0,28.4,67
2/11/2018,8:45:00,0,29.1,66
2/11/2018,9:00:00,0,29.6,66
2/11/2018,9:15:00,0,30.8,60
2/11/2018,9:30:00,0,31,59
2/11/2018,9:45:00,0,31,61
2/11/2018,10:00:00,0,31.3,60
2/11/2018,10:15:00,0,31.3,60
2/11/2018,10:30:00,0,30.8,62
2/11/2018,10:45:00,0,31.8,58
2/11/2018,11:00:00,0,31.8,57
2/11/2018,11:15:00,0,31.3,62
2/11/2018,11:30:00,0,30.6,66
2/11/2018,11:45:00,0,30.8,64
2/11/2018,12:00:00,0,31.8,63
2/11/2018,12:15:00,0,31.3,62
2/11/2018,12:30:00,0,31.3,63
2/11/2018,12:45:00,0,30.8,63
2/11/2018,13:00:00,0,31.3,63
2/11/2018,13:15:00,0,31,64
2/11/2018,13:30:00,0,31.3,63
2/11/2018,13:45:00,0,31,64
2/11/2018,14:00:00,0,31.3,64
2/11/2018,14:15:00,0,31.8,63
2/11/2018,14:30:00,0,31.8,62
2/11/2018,14:45:00,0,32,61
2/11/2018,15:00:00,0,31.5,62
2/11/2018,15:15:00,0,31.8,61
2/11/2018,15:30:00,0,31.3,65
2/11/2018,15:45:00,0,31.5,63
2/11/2018,16:00:00,0,30.8,63
2/11/2018,16:15:00,0,31.5,62
2/11/2018,16:30:00,0,31.3,63
2/11/2018,16:45:00,0,31.5,64
2/11/2018,17:00:00,0,31.5,63
2/11/2018,17:15:00,0,31.3,61
2/11/2018,17:30:00,0,31.3,62
2/11/2018,17:45:00,0,31.5,61
2/11/2018,18:00:00,0,32,60
2/11/2018,18:15:00,0,31,63
2/11/2018,18:30:00,0,31.3,64
2/11/2018,18:45:00,0,31.5,66
2/11/2018,19:00:00,0,31,66
2/11/2018,19:15:00,0,30.3,68
2/11/2018,19:30:00,0,30.1,68
2/11/2018,19:45:00,0,29.8,70
2/11/2018,20:00:00,0,28.8,74
2/11/2018,20:15:00,0,28.8,75
2/11/2018,20:30:00,0,28.4,77
2/11/2018,20:45:00,0,28.6,76
2/11/2018,21:00:00,0,28.8,76
2/11/2018,21:15:00,0,28.4,78
2/11/2018,21:30:00,0,28.4,78
2/11/2018,21:45:00,0,28.1,80
2/11/2018,22:00:00,0,28.4,80
2/11/2018,22:15:00,0,28.1,81
2/11/2018,22:30:00,0,28.4,79
2/11/2018,22:45:00,0,28.8,78
2/11/2018,23:00:00,0,28.8,76
2/11/2018,23:15:00,0,28.8,77
2/11/2018,23:30:00,0,28.8,78
2/11/2018,23:45:00,0,28.6,78
2/12/2018,0:00:00,0,28.6,78
2/12/2018,0:15:00,0,28.8,79
2/12/2018,0:30:00,0,28.1,80
2/12/2018,0:45:00,0,27.9,81
2/12/2018,1:00:00,0,28.4,81
2/12/2018,1:15:00,0,28.4,79
2/12/2018,1:30:00,0,28.1,79
2/12/2018,1:45:00,0,27.9,82
2/12/2018,2:00:00,0,27.6,81
2/12/2018,2:15:00,0,27.9,83
2/12/2018,2:30:00,0,27.4,84
2/12/2018,2:45:00,0,27.1,85
2/12/2018,3:00:00,0,27.1,85
2/12/2018,4:15:00,0,26.7,87
2/12/2018,4:30:00,0,26.7,88
2/12/2018,4:45:00,0,26.7,88
2/12/2018,5:00:00,0,26.7,89
2/12/2018,5:15:00,0,26.4,90
2/12/2018,5:30:00,0,26.7,89
2/12/2018,5:45:00,0,26.7,88
2/12/2018,6:00:00,0,26.9,88
2/12/2018,6:15:00,0,27.4,87
2/12/2018,6:30:00,0,27.1,87
2/12/2018,6:45:00,0,27.6,87
2/12/2018,7:00:00,0,27.9,86
2/12/2018,7:15:00,0,28.1,85
2/12/2018,7:30:00,0,28.6,82
2/12/2018,7:45:00,0,28.6,79
2/12/2018,8:00:00,0,28.8,79
2/12/2018,8:15:00,0,29.1,77
2/12/2018,8:30:00,0,29.8,75
2/12/2018,8:45:00,0,29.6,74
2/12/2018,9:00:00,0,30.3,73
2/12/2018,9:15:00,0,29.6,76
2/12/2018,9:30:00,0,29.8,75
2/12/2018,9:45:00,0,30.3,71
2/12/2018,10:00:00,0,30.8,69
2/12/2018,10:15:00,0,30.8,69
2/12/2018,10:30:00,0,32,65
2/12/2018,10:45:00,0,32.3,65
2/12/2018,11:00:00,0,32.5,62
2/12/2018,11:15:00,0,30.3,68
2/12/2018,11:30:00,0,31.8,63
2/12/2018,11:45:00,0,33,57
2/12/2018,12:00:00,0,32.8,58
2/12/2018,12:15:00,0,31.3,66
2/12/2018,12:30:00,0,31.8,64
2/12/2018,12:45:00,0,32,63
2/12/2018,13:00:00,0,34.2,53
2/12/2018,13:15:00,0,32.3,61
2/12/2018,13:30:00,0,33,59
2/12/2018,13:45:00,0,33.2,58
2/12/2018,14:00:00,0,33.2,56
2/12/2018,14:15:00,0,33.5,60
2/12/2018,14:30:00,0,34,57
2/12/2018,14:45:00,0,33.2,61
2/12/2018,15:00:00,0,32.8,63
2/12/2018,15:15:00,0,32.3,65
2/12/2018,15:30:00,0,32,64
2/12/2018,15:45:00,0,31.3,68
2/12/2018,16:00:00,0,31.5,67
2/12/2018,16:15:00,0,32,64
2/12/2018,16:30:00,0,32.3,62
2/12/2018,16:45:00,0,31.3,65
2/12/2018,17:00:00,0,31.5,62
2/12/2018,17:15:00,0,31.5,61
2/12/2018,17:30:00,0,32.3,60
2/12/2018,17:45:00,0,31.5,60
2/12/2018,18:00:00,0,31.5,57
2/12/2018,18:15:00,0,32.3,54
2/12/2018,18:30:00,0,32,55
2/12/2018,18:45:00,0,31.5,56
2/12/2018,19:00:00,0,31,59
2/12/2018,19:15:00,0,30.6,60
2/12/2018,19:30:00,0,30.3,60
2/12/2018,19:45:00,0,30.1,62
2/12/2018,20:00:00,0,29.6,66
2/12/2018,20:15:00,0,29.3,64
2/12/2018,20:30:00,0,29.3,68
2/12/2018,20:45:00,0,29.3,70
2/12/2018,21:00:00,0,29.1,67
2/12/2018,21:15:00,0,29.3,65
2/12/2018,21:30:00,0,29.1,64
2/12/2018,21:45:00,0,29.1,65
2/12/2018,22:00:00,0,28.8,65
2/12/2018,22:15:00,0,29.1,64
2/12/2018,22:30:00,0,29.1,64
2/12/2018,22:45:00,0,28.8,64
2/12/2018,23:00:00,0,28.6,66
2/12/2018,23:15:00,0,28.6,66
2/12/2018,23:30:00,0,28.8,66
2/12/2018,23:45:00,0,28.8,67
2/13/2018,0:00:00,0,28.8,69
2/13/2018,0:15:00,0,28.6,71
2/13/2018,0:30:00,0,28.6,72
2/13/2018,0:45:00,0,28.1,74
2/13/2018,1:00:00,0,27.9,75
2/13/2018,1:15:00,0,27.4,78
2/13/2018,1:30:00,0,27.4,77
2/13/2018,1:45:00,0,26.4,81
2/13/2018,2:00:00,0,26.4,81
2/13/2018,2:15:00,0,26.9,80
2/13/2018,2:30:00,0,26.4,81
2/13/2018,2:45:00,0,26.9,78
2/13/2018,3:00:00,0,26.4,80
2/13/2018,4:15:00,0,25.9,83
2/13/2018,4:30:00,0,25.7,84
2/13/2018,4:45:00,0,25.9,84
2/13/2018,5:00:00,0,26.4,82
2/13/2018,5:15:00,0,25.9,84
2/13/2018,5:30:00,0,25.9,86
2/13/2018,5:45:00,0,25.7,86
2/13/2018,6:00:00,0,25.9,87
2/13/2018,6:15:00,0,26.2,86
2/13/2018,6:30:00,0,26.4,84
2/13/2018,6:45:00,0,26.4,83
2/13/2018,7:00:00,0,26.2,84
2/13/2018,7:15:00,0,26.2,84
2/13/2018,7:30:00,0,26.9,82
2/13/2018,7:45:00,0,27.1,81
2/13/2018,8:00:00,0,27.4,81
2/13/2018,8:15:00,0,28.1,79
2/13/2018,8:30:00,0,28.1,79
2/13/2018,8:45:00,0,29.1,74
2/13/2018,9:00:00,0,29.8,73
2/13/2018,9:15:00,0,29.8,72
2/13/2018,9:30:00,0,29.8,72
2/13/2018,9:45:00,0,31,68
2/13/2018,10:00:00,0,29.8,74
2/13/2018,10:15:00,0,29.6,76
2/13/2018,10:30:00,0,30.6,72
2/13/2018,10:45:00,0,30.3,73
2/13/2018,11:00:00,0,30.1,74
2/13/2018,11:15:00,0,29.8,75
2/13/2018,11:30:00,0,29.6,76
2/13/2018,11:45:00,0,29.6,77
2/13/2018,12:00:00,0,29.3,79
2/13/2018,12:15:00,0,29.1,80
2/13/2018,12:30:00,0,28.1,80
2/13/2018,12:45:00,0,28.4,79
2/13/2018,13:00:00,0,27.9,77
2/13/2018,13:15:00,0,28.1,76
2/13/2018,13:30:00,0,28.6,73
2/13/2018,13:45:00,0,28.8,71
2/13/2018,14:00:00,0,28.8,70
2/13/2018,14:15:00,0,29.6,67
2/13/2018,14:30:00,0,29.6,67
2/13/2018,14:45:00,0,30.1,65
2/13/2018,15:00:00,0,30.1,66
2/13/2018,15:15:00,0,29.8,63
2/13/2018,15:30:00,0,29.6,64
2/13/2018,15:45:00,0,28.8,67
2/13/2018,16:00:00,0,28.6,67
2/13/2018,16:15:00,0,28.8,67
2/13/2018,16:30:00,0,29.3,65
2/13/2018,16:45:00,0,29.3,65
2/13/2018,17:00:00,0,29.6,65
2/13/2018,17:15:00,0,29.3,65
2/13/2018,17:30:00,0,29.3,65
2/13/2018,17:45:00,0,29.1,66
2/13/2018,18:00:00,0,29.3,63
2/13/2018,18:15:00,0,29.3,62
2/13/2018,18:30:00,0,29.1,63
2/13/2018,18:45:00,0,28.8,65
2/13/2018,19:00:00,0,28.6,66
2/13/2018,19:15:00,0,28.4,68
2/13/2018,19:30:00,0,27.9,69
2/13/2018,19:45:00,0,27.6,70
2/13/2018,20:00:00,0,27.6,71
2/13/2018,20:15:00,0,27.6,72
2/13/2018,20:30:00,0,27.4,72
2/13/2018,20:45:00,0,27.4,75
2/13/2018,21:00:00,0,27.1,79
2/13/2018,21:15:00,0,26.9,80
2/13/2018,21:30:00,0,26.9,82
2/13/2018,21:45:00,1,26.2,88
2/13/2018,22:00:00,2.2,25.7,92
2/13/2018,22:15:00,0.2,25.7,93
2/13/2018,22:30:00,0.2,25.4,94
2/13/2018,22:45:00,0.4,25.4,94
2/13/2018,23:00:00,0.2,25.7,95
2/13/2018,23:15:00,0.2,25.7,93
2/13/2018,23:30:00,0.2,25.7,93
2/13/2018,23:45:00,0.8,25.4,94
2/14/2018,0:00:00,0.2,25.4,95
2/14/2018,0:15:00,0,25.2,95
2/14/2018,0:30:00,0,24.9,95
2/14/2018,0:45:00,0,24.9,95
2/14/2018,1:00:00,0,24.9,95
2/14/2018,1:15:00,0,24.7,95
2/14/2018,1:30:00,0,24.7,95
2/14/2018,1:45:00,0,24.5,96
2/14/2018,2:00:00,0,24.9,95
2/14/2018,2:15:00,0,25.4,92
2/14/2018,2:30:00,0,25.4,90
2/14/2018,2:45:00,0,24.9,91
2/14/2018,3:00:00,0,25.2,88
2/14/2018,4:15:00,0,25.2,90
2/14/2018,4:30:00,0,24.7,91
2/14/2018,4:45:00,0,24.9,89
2/14/2018,5:00:00,0,24.7,92
2/14/2018,5:15:00,0,24.7,92
2/14/2018,5:30:00,0,24.9,92
2/14/2018,5:45:00,0,24.7,93
2/14/2018,6:00:00,0,24.5,92
2/14/2018,6:15:00,0.6,24.5,93
2/14/2018,6:30:00,4.6,24.2,94
2/14/2018,6:45:00,3,24.2,95
2/14/2018,7:00:00,0.2,24.2,96
2/14/2018,7:15:00,0.2,24,96
2/14/2018,7:30:00,0.2,24.2,97
2/14/2018,7:45:00,0.4,24,97
2/14/2018,8:00:00,0.2,24,97
2/14/2018,8:15:00,0.2,23.5,97
2/14/2018,8:30:00,0.4,23.7,97
2/14/2018,8:45:00,0.4,24,98
2/14/2018,9:00:00,0,24,97
2/14/2018,9:15:00,0,24,97
2/14/2018,9:30:00,0.2,24,95
2/14/2018,9:45:00,0,24.2,94
2/14/2018,10:00:00,0.2,24.2,94
2/14/2018,10:15:00,0,24.5,91
2/14/2018,10:30:00,0,24.9,90
2/14/2018,10:45:00,0,26.2,87
2/14/2018,11:00:00,0,26.4,83
2/14/2018,11:15:00,0,27.1,79
2/14/2018,11:30:00,0,27.4,75
2/14/2018,11:45:00,0,27.4,79
2/14/2018,12:00:00,0,27.9,75
2/14/2018,12:15:00,0,27.4,76
2/14/2018,12:30:00,0,28.1,72
2/14/2018,12:45:00,0,27.4,73
2/14/2018,13:00:00,0,28.1,70
2/14/2018,13:15:00,0,27.4,74
2/14/2018,13:30:00,0,28.1,73
2/14/2018,13:45:00,0,27.9,74
2/14/2018,14:00:00,0,27.9,74
2/14/2018,14:15:00,0,27.9,73
2/14/2018,14:30:00,0,28.4,72
2/14/2018,14:45:00,0,28.8,72
2/14/2018,15:00:00,0,28.6,73
2/14/2018,15:15:00,0,28.6,72
2/14/2018,15:30:00,0,28.6,73
2/14/2018,15:45:00,0,28.8,73
2/14/2018,16:00:00,0,27.9,76
2/14/2018,16:15:00,0,27.6,79
2/14/2018,16:30:00,0,27.9,79
2/14/2018,16:45:00,0,27.6,79
2/14/2018,17:00:00,0,27.1,81
2/14/2018,17:15:00,0,26.7,82
2/14/2018,17:30:00,0,26.9,83
2/14/2018,17:45:00,0,26.7,83
2/14/2018,18:00:00,0,26.9,82
2/14/2018,18:15:00,0,26.7,82
2/14/2018,18:30:00,0,26.4,85
2/14/2018,18:45:00,0.2,26.2,88
2/14/2018,19:00:00,0,26.2,88
2/14/2018,19:15:00,0,26.4,86
2/14/2018,19:30:00,0,26.2,85
2/14/2018,19:45:00,0,26.7,85
2/14/2018,20:00:00,0,26.7,85
2/14/2018,20:15:00,0,26.7,86
2/14/2018,20:30:00,0,26.7,86
2/14/2018,20:45:00,0,26.7,84
2/14/2018,21:00:00,0,25.7,88
2/14/2018,21:15:00,0,25.9,90
2/14/2018,21:30:00,0,26.2,88
2/14/2018,21:45:00,0,26.4,82
2/14/2018,22:00:00,0,26.9,76
2/14/2018,22:15:00,0.2,26.2,79
2/14/2018,22:30:00,0.6,25.9,81
2/14/2018,22:45:00,0.2,25.7,83
2/14/2018,23:00:00,2.6,24.9,88
2/14/2018,23:15:00,0.2,24.7,91
2/14/2018,23:30:00,0.2,24.5,92
2/14/2018,23:45:00,0.2,25.7,87
2/15/2018,0:00:00,0.2,25.9,83
2/15/2018,0:15:00,0,25.9,83
2/15/2018,0:30:00,7.8,24.7,93
2/15/2018,0:45:00,12.8,25.2,97
2/15/2018,1:00:00,20.4,24,98
2/15/2018,1:15:00,7.6,23.5,99
2/15/2018,1:30:00,0.6,24.9,99
2/15/2018,1:45:00,0,24.9,97
2/15/2018,2:00:00,0,25.4,94
2/15/2018,2:15:00,0,25.4,91
2/15/2018,2:30:00,0,24.9,91
2/15/2018,2:45:00,0.2,24.9,91
2/15/2018,3:00:00,0,24.5,92
2/15/2018,4:15:00,0,25.2,87
2/15/2018,4:30:00,0,25.4,85
2/15/2018,4:45:00,0,25.2,85
2/15/2018,5:00:00,0,25.2,86
2/15/2018,5:15:00,0,24.5,90
2/15/2018,5:30:00,0,24.2,92
2/15/2018,5:45:00,0,24,93
2/15/2018,6:00:00,0,23.7,94
2/15/2018,6:15:00,0,23.7,95
2/15/2018,6:30:00,0,23.5,95
2/15/2018,6:45:00,0,23.2,96
2/15/2018,7:00:00,0,23.2,96
2/15/2018,7:15:00,0,23.5,97
2/15/2018,7:30:00,0,24.2,96
2/15/2018,7:45:00,0,24,95
2/15/2018,8:00:00,0,24.7,95
2/15/2018,8:15:00,0,25.2,94
2/15/2018,8:30:00,0,26.7,86
2/15/2018,8:45:00,0,26.7,82
2/15/2018,9:00:00,0,27.1,79
2/15/2018,9:15:00,0,26.7,79
2/15/2018,9:30:00,0,27.1,79
2/15/2018,9:45:00,0,27.9,73
2/15/2018,10:00:00,0,28.4,71
2/15/2018,10:15:00,0,27.1,72
2/15/2018,10:30:00,0,27.9,69
2/15/2018,10:45:00,0,28.1,69
2/15/2018,11:00:00,0,27.6,70
2/15/2018,11:15:00,0,27.6,73
2/15/2018,11:30:00,0,27.9,71
2/15/2018,11:45:00,0,28.1,74
2/15/2018,12:00:00,0,27.1,75
2/15/2018,12:15:00,0,28.1,72
2/15/2018,12:30:00,0,28.1,71
2/15/2018,12:45:00,0,27.6,72
2/15/2018,13:00:00,0,27.9,71
2/15/2018,13:15:00,0,29.1,67
2/15/2018,13:30:00,0,29.3,64
2/15/2018,13:45:00,0,29.3,64
2/15/2018,14:00:00,0,28.8,64
2/15/2018,14:15:00,0,28.6,65
2/15/2018,14:30:00,0,28.6,65
2/15/2018,14:45:00,0,28.6,63
2/15/2018,15:00:00,0,28.4,63
2/15/2018,15:15:00,0,27.9,68
2/15/2018,15:30:00,0,28.8,64
2/15/2018,15:45:00,0,28.6,64
2/15/2018,16:00:00,0,28.4,64
2/15/2018,16:15:00,0,28.1,65
2/15/2018,16:30:00,0,28.6,65
2/15/2018,16:45:00,0,27.9,68
2/15/2018,17:00:00,0,27.9,66
2/15/2018,17:15:00,0,27.6,67
2/15/2018,17:30:00,0,27.9,66
2/15/2018,17:45:00,0,28.1,65
2/15/2018,18:00:00,0,27.9,64
2/15/2018,18:15:00,0,27.4,67
2/15/2018,18:30:00,0,27.6,70
2/15/2018,18:45:00,0,27.4,69
2/15/2018,19:00:00,0,26.9,72
2/15/2018,19:15:00,0,26.7,74
2/15/2018,19:30:00,0,26.4,77
2/15/2018,19:45:00,0,26.2,78
2/15/2018,20:00:00,0,25.9,80
2/15/2018,20:15:00,0,25.7,82
2/15/2018,20:30:00,0,25.7,82
2/15/2018,20:45:00,0,25.4,82
2/15/2018,21:00:00,0,25.2,83
2/15/2018,21:15:00,0,25.2,80
2/15/2018,21:30:00,0,24.9,81
2/15/2018,21:45:00,0,25.2,80
2/15/2018,22:00:00,0,25.4,78
2/15/2018,22:15:00,0,25.7,76
2/15/2018,22:30:00,0,25.7,74
2/15/2018,22:45:00,0,25.9,73
2/15/2018,23:00:00,0,25.9,75
2/15/2018,23:15:00,0,25.4,74
2/15/2018,23:30:00,0,24.7,79
2/15/2018,23:45:00,0,24.9,79
2/16/2018,0:00:00,0,24.7,80
2/16/2018,0:15:00,0,24.5,82
2/16/2018,0:30:00,0,24.7,81
2/16/2018,0:45:00,0,25.4,80
2/16/2018,1:00:00,0,25.2,81
2/16/2018,1:15:00,0,24.2,84
2/16/2018,1:30:00,0,24.7,83
2/16/2018,1:45:00,0,24.2,85
2/16/2018,2:00:00,0,24.7,83
2/16/2018,2:15:00,0,24.2,85
2/16/2018,2:30:00,0,24.2,87
2/16/2018,2:45:00,0,24.5,86
2/16/2018,3:00:00,0,24.9,86
2/16/2018,4:15:00,0,24.7,87
2/16/2018,4:30:00,0,24.5,88
2/16/2018,4:45:00,0,24.5,90
2/16/2018,5:00:00,0,24.5,88
2/16/2018,5:15:00,0,24.5,89
2/16/2018,5:30:00,0,24.7,90
2/16/2018,5:45:00,0,24.2,91
2/16/2018,6:00:00,0,24.5,91
2/16/2018,6:15:00,0,24.2,90
2/16/2018,6:30:00,0,23.7,91
2/16/2018,6:45:00,0,24,91
2/16/2018,7:00:00,0,24,91
2/16/2018,7:15:00,0,24.2,91
2/16/2018,7:30:00,0,24.2,90
2/16/2018,7:45:00,0,24.5,90
2/16/2018,8:00:00,0,25.4,88
2/16/2018,8:15:00,0,25.9,84
2/16/2018,8:30:00,0,26.2,82
2/16/2018,8:45:00,0,26.2,83
2/16/2018,9:00:00,0,27.4,79
2/16/2018,9:15:00,0,26.9,79
2/16/2018,9:30:00,0,27.1,78
2/16/2018,9:45:00,0,28.1,72
2/16/2018,10:00:00,0,27.6,73
2/16/2018,10:15:00,0,28.4,71
2/16/2018,10:30:00,0,28.1,74
2/16/2018,10:45:00,0,27.4,76
2/16/2018,11:00:00,0,27.4,78
2/16/2018,11:15:00,0,27.1,79
2/16/2018,11:30:00,0,27.4,77
2/16/2018,11:45:00,0,27.9,75
2/16/2018,12:00:00,0,28.6,72
2/16/2018,12:15:00,0,28.8,69
2/16/2018,12:30:00,0,29.3,67
2/16/2018,12:45:00,0,27.6,76
2/16/2018,13:00:00,0,27.1,80
2/16/2018,13:15:00,0,27.4,76
2/16/2018,13:30:00,0,27.1,75
2/16/2018,13:45:00,0,26.9,77
2/16/2018,14:00:00,0,27.9,76
2/16/2018,14:15:00,0,27.9,76
2/16/2018,14:30:00,0,26.9,79
2/16/2018,14:45:00,0,26.7,79
2/16/2018,15:00:00,0,27.1,79
2/16/2018,15:15:00,0,27.1,79
2/16/2018,15:30:00,0,26.7,80
2/16/2018,15:45:00,0,26.9,79
2/16/2018,16:00:00,0,27.4,77
2/16/2018,16:15:00,0,27.1,77
2/16/2018,16:30:00,0,27.1,77
2/16/2018,16:45:00,0,27.1,77
2/16/2018,17:00:00,0,27.1,75
2/16/2018,17:15:00,0,26.9,76
2/16/2018,17:30:00,0,26.9,75
2/16/2018,17:45:00,0,27.1,76
2/16/2018,18:00:00,0,27.1,75
2/16/2018,18:15:00,0,27.1,76
2/16/2018,18:30:00,0,26.9,78
2/16/2018,18:45:00,0,26.7,80
2/16/2018,19:00:00,0,26.7,79
2/16/2018,19:15:00,0,26.2,80
2/16/2018,19:30:00,0,26.4,80
2/16/2018,19:45:00,0,26.2,80
2/16/2018,20:00:00,0,25.4,85
2/16/2018,20:15:00,0,25.2,86
2/16/2018,20:30:00,0,24.9,86
2/16/2018,20:45:00,0,24.7,87
2/16/2018,21:00:00,0,24.5,87
2/16/2018,21:15:00,0,24.5,88
2/16/2018,21:30:00,0,24.5,87
2/16/2018,21:45:00,0,25.2,85
2/16/2018,22:00:00,0,24.5,87
2/16/2018,22:15:00,0,24.9,86
2/16/2018,22:30:00,8.8,24,93
2/16/2018,22:45:00,3,23.7,95
2/16/2018,23:00:00,0.4,23.7,95
2/16/2018,23:15:00,0.2,23.7,95
2/16/2018,23:30:00,0,23.2,95
2/16/2018,23:45:00,0,23.5,96
2/17/2018,0:00:00,0,23.5,96
2/17/2018,0:15:00,0,23.5,96
2/17/2018,0:30:00,0,23.7,96
2/17/2018,0:45:00,0,23.5,96
2/17/2018,1:00:00,0,23.5,97
2/17/2018,1:15:00,0,23.5,96
2/17/2018,1:30:00,0,23.5,97
2/17/2018,1:45:00,0,23,97
2/17/2018,2:00:00,0,23,97
2/17/2018,2:15:00,0,23,97
2/17/2018,2:30:00,0,23,96
2/17/2018,2:45:00,0,22.7,96
2/17/2018,3:00:00,0,23,96
2/17/2018,4:15:00,0,22.7,96
2/17/2018,4:30:00,0,22.5,96
2/17/2018,4:45:00,0,22.3,96
2/17/2018,5:00:00,0,22,96
2/17/2018,5:15:00,0,22.3,97
2/17/2018,5:30:00,0,22,96
2/17/2018,5:45:00,0,22,97
2/17/2018,6:00:00,0,22,97
2/17/2018,6:15:00,0,22,97
2/17/2018,6:30:00,0,21.8,96
2/17/2018,6:45:00,0,22,97
2/17/2018,7:00:00,0,21.5,97
2/17/2018,7:15:00,0,22.7,97
2/17/2018,7:30:00,0,23.5,96
2/17/2018,7:45:00,0,24.2,94
2/17/2018,8:00:00,0,24,92
2/17/2018,8:15:00,0,25.2,90
2/17/2018,8:30:00,0,25.4,85
2/17/2018,8:45:00,0,26.2,81
2/17/2018,9:00:00,0,26.7,77
2/17/2018,9:15:00,0,27.4,72
2/17/2018,9:30:00,0,27.9,72
2/17/2018,9:45:00,0,27.9,73
2/17/2018,10:00:00,0,27.9,71
2/17/2018,10:15:00,0,28.1,71
2/17/2018,10:30:00,0,28.1,71
2/17/2018,10:45:00,0,27.4,72
2/17/2018,11:00:00,0,27.1,73
2/17/2018,11:15:00,0,28.1,72
2/17/2018,11:30:00,0,28.6,69
2/17/2018,11:45:00,0,29.1,68
2/17/2018,12:00:00,0,28.4,69
2/17/2018,12:15:00,0,28.1,69
2/17/2018,12:30:00,0,28.4,71
2/17/2018,12:45:00,0,28.8,72
2/17/2018,13:00:00,0,28.4,72
2/17/2018,13:15:00,0,28.8,71
2/17/2018,13:30:00,0,28.4,73
2/17/2018,13:45:00,0,27.9,74
2/17/2018,14:00:00,0,28.4,72
2/17/2018,14:15:00,0,28.4,75
2/17/2018,14:30:00,0,28.1,72
2/17/2018,14:45:00,0,28.6,71
2/17/2018,15:00:00,0,28.6,69
2/17/2018,15:15:00,0,28.4,72
2/17/2018,15:30:00,0,28.6,71
2/17/2018,15:45:00,0,28.4,72
2/17/2018,16:00:00,0,28.1,73
2/17/2018,16:15:00,0,28.1,73
2/17/2018,16:30:00,0,27.4,74
2/17/2018,16:45:00,0,27.9,74
2/17/2018,17:00:00,0,28.4,72
2/17/2018,17:15:00,0,28.4,67
2/17/2018,17:30:00,0,27.9,70
2/17/2018,17:45:00,0,27.6,73
2/17/2018,18:00:00,0,27.6,72
2/17/2018,18:15:00,0,27.4,74
2/17/2018,18:30:00,0,27.4,75
2/17/2018,18:45:00,0,27.1,75
2/17/2018,19:00:00,0,27.1,75
2/17/2018,19:15:00,0,26.9,76
2/17/2018,19:30:00,0,26.9,77
2/17/2018,19:45:00,0,26.9,77
2/17/2018,20:00:00,0,26.9,77
2/17/2018,20:15:00,0,26.7,77
2/17/2018,20:30:00,0,26.9,77
2/17/2018,20:45:00,0,26.9,76
2/17/2018,21:00:00,0,26.7,77
2/17/2018,21:15:00,0,26.9,76
2/17/2018,21:30:00,0,26.9,77
2/17/2018,21:45:00,0,26.2,79
2/17/2018,22:00:00,0,25.7,80
2/17/2018,22:15:00,0,26.2,79
2/17/2018,22:30:00,0,26.2,79
2/17/2018,22:45:00,0,25.9,81
2/17/2018,23:00:00,0,25.4,82
2/17/2018,23:15:00,0,25.4,83
2/17/2018,23:30:00,0,25.7,82
2/17/2018,23:45:00,0,25.7,82
2/17/2018,23:00:00,0,25.7,81
2/17/2018,23:15:00,0,25.7,82
2/17/2018,23:30:00,0,25.7,81
2/17/2018,23:45:00,0,25.7,81
2/18/2018,0:00:00,0,25.7,79
2/18/2018,0:15:00,0,25.4,81
2/18/2018,0:30:00,0,25.2,83
2/18/2018,0:45:00,0,25.2,82
2/18/2018,1:00:00,0,25.2,82
2/18/2018,1:15:00,0,24.9,82
2/18/2018,1:30:00,0,25.4,80
2/18/2018,1:45:00,0,25.2,80
2/18/2018,2:00:00,0,25.4,82
2/18/2018,2:15:00,0,25.2,83
2/18/2018,2:30:00,0,24.7,84
2/18/2018,2:45:00,0,24.2,86
2/18/2018,3:00:00,0,24.5,86
2/18/2018,3:15:00,0,24.7,85
2/18/2018,3:30:00,0,24.7,86
2/18/2018,3:45:00,0,24.2,87
2/18/2018,4:00:00,0,24,89
2/18/2018,4:15:00,0,24,91
2/18/2018,4:30:00,0,23.5,92
2/18/2018,4:45:00,0,23.7,92
2/18/2018,5:00:00,0,24,91
2/18/2018,5:15:00,0,23.5,91
2/18/2018,5:30:00,0,23.5,90
2/18/2018,5:45:00,0,23.5,91
2/18/2018,6:00:00,0,23.5,92
2/18/2018,6:15:00,0,23.5,91
2/18/2018,6:30:00,0,24,90
2/18/2018,6:45:00,0,24.5,89
2/18/2018,7:00:00,0,25.2,86
2/18/2018,7:15:00,0,25.4,86
2/18/2018,7:30:00,0,25.9,83
2/18/2018,7:45:00,0,26.2,83
2/18/2018,8:00:00,0,27.6,78
2/18/2018,8:15:00,0,27.4,75
2/18/2018,8:30:00,0,26.9,77
2/18/2018,8:45:00,0,28.6,71
2/18/2018,9:00:00,0,29.1,69
2/18/2018,9:15:00,0,29.3,68
2/18/2018,9:30:00,0,29.1,69
2/18/2018,9:45:00,0,29.3,67
2/18/2018,10:00:00,0,28.8,69
2/18/2018,10:15:00,0,27.9,73
2/18/2018,10:30:00,0,27.9,71
2/18/2018,10:45:00,0,28.8,69
2/18/2018,11:00:00,0,28.8,70
2/18/2018,11:15:00,0,28.4,72
2/18/2018,11:30:00,0,28.4,72
2/18/2018,11:45:00,0,28.6,73
2/18/2018,12:00:00,0,28.8,72
2/18/2018,12:15:00,0,28.1,73
2/18/2018,12:30:00,0,28.1,73
2/18/2018,12:45:00,0.4,27.1,79
2/18/2018,13:00:00,0,27.4,79
2/18/2018,13:15:00,0,27.6,78
2/18/2018,13:30:00,0,27.4,77
2/18/2018,13:45:00,0,28.1,76
2/18/2018,14:00:00,0,27.9,76
2/18/2018,14:15:00,0,27.9,74
2/18/2018,14:30:00,0,28.1,74
2/18/2018,14:45:00,0,27.9,73
2/18/2018,15:00:00,0,27.4,74
2/18/2018,15:15:00,0,27.1,75
2/18/2018,15:30:00,0,27.4,74
2/18/2018,15:45:00,0,27.9,73
2/18/2018,16:00:00,0,27.6,72
2/18/2018,16:15:00,0,28.6,70
2/18/2018,16:30:00,0,27.6,73
2/18/2018,16:45:00,0,27.4,76
2/18/2018,17:00:00,0,27.4,77
2/18/2018,17:15:00,0,27.4,76
2/18/2018,17:30:00,0,27.1,76
2/18/2018,17:45:00,0,27.1,78
2/18/2018,18:00:00,0,26.7,76
2/18/2018,18:15:00,0,25.9,79
2/18/2018,18:30:00,0,25.4,81
2/18/2018,18:45:00,0,25.7,80
2/18/2018,19:00:00,0,25.4,82
2/18/2018,19:15:00,0,25.4,81
2/18/2018,19:30:00,0,25.2,82
2/18/2018,19:45:00,0,25.7,82
2/18/2018,20:00:00,0,25.2,83
2/18/2018,20:15:00,0,24.9,84
2/18/2018,20:30:00,0,25.4,83
2/18/2018,20:45:00,0,25.2,84
2/18/2018,21:00:00,0,24.9,85
2/18/2018,21:15:00,0,24.5,88
2/18/2018,21:30:00,0,24.5,86
2/18/2018,21:45:00,0,24.5,85
2/18/2018,22:00:00,0,24.2,86
2/18/2018,22:15:00,0,24,85
2/18/2018,22:30:00,0,24.2,82
2/18/2018,22:45:00,0,24.5,82
2/18/2018,23:00:00,0,24,83
2/18/2018,23:15:00,0,24.5,83
2/18/2018,23:30:00,0,23.7,85
2/18/2018,23:45:00,0,23.7,85
2/19/2018,0:00:00,0,23.5,87
2/19/2018,0:15:00,0,24,82
2/19/2018,0:30:00,0,23.5,85
2/19/2018,0:45:00,0,23.5,86
2/19/2018,1:00:00,0,23.5,87
2/19/2018,1:15:00,0,23.2,87
2/19/2018,1:30:00,0,23.2,86
2/19/2018,1:45:00,0,23.5,85
2/19/2018,2:00:00,0,24,84
2/19/2018,2:15:00,0,23.5,85
2/19/2018,2:30:00,0,23.2,86
2/19/2018,2:45:00,0,23.5,86
2/19/2018,3:00:00,0,24,85
2/19/2018,3:15:00,0,23.7,87
2/19/2018,3:30:00,0,23.5,86
2/19/2018,3:45:00,0,23,87
2/19/2018,4:00:00,0,23,88
2/19/2018,4:15:00,0,23.7,84
2/19/2018,4:30:00,0,23.2,87
2/19/2018,4:45:00,0,23.2,89
2/19/2018,5:00:00,0,23.2,87
2/19/2018,5:15:00,0,23.5,87
2/19/2018,5:30:00,0,23.2,89
2/19/2018,5:45:00,0,23,89
2/19/2018,6:00:00,0,23,88
2/19/2018,6:15:00,0,24,88
2/19/2018,6:30:00,0,23.7,87
2/19/2018,6:45:00,0,24.2,86
2/19/2018,7:00:00,0,24.7,84
2/19/2018,7:15:00,0,25.7,82
2/19/2018,7:30:00,0,26.2,77
2/19/2018,7:45:00,0,27.4,74
2/19/2018,8:00:00,0,27.9,73
2/19/2018,8:15:00,0,27.4,70
2/19/2018,8:30:00,0,27.9,66
2/19/2018,8:45:00,0,27.9,71
2/19/2018,9:00:00,0,27.6,71
2/19/2018,9:15:00,0,28.4,71
2/19/2018,9:30:00,0,27.9,70
2/19/2018,9:45:00,0,29.1,68
2/19/2018,10:00:00,0,28.6,65
2/19/2018,10:15:00,0,29.3,62
2/19/2018,10:30:00,0,29.3,63
2/19/2018,10:45:00,0,29.3,61
2/19/2018,11:00:00,0,30.1,60
2/19/2018,11:15:00,0,30.8,58
2/19/2018,11:30:00,0,30.3,59
2/19/2018,11:45:00,0,30.6,59
2/19/2018,12:00:00,0,31,60
2/19/2018,12:15:00,0,30.6,63
2/19/2018,12:30:00,0,29.8,65
2/19/2018,12:45:00,0,29.3,67
2/19/2018,13:00:00,0,30.1,66
2/19/2018,13:15:00,0,30.1,65
2/19/2018,13:30:00,0,29.1,68
2/19/2018,13:45:00,0,30.1,66
2/19/2018,14:00:00,0,29.8,67
2/19/2018,14:15:00,0,29.3,67
2/19/2018,14:30:00,0,29.8,66
2/19/2018,14:45:00,0,30.3,65
2/19/2018,15:00:00,0,30.8,65
2/19/2018,15:15:00,0,29.8,67
2/19/2018,15:30:00,0,30.1,65
2/19/2018,15:45:00,0,29.8,66
2/19/2018,16:00:00,0,29.3,69
2/19/2018,16:15:00,0,29.3,71
2/19/2018,16:30:00,0,29.8,70
2/19/2018,16:45:00,0,29.6,71
2/19/2018,17:00:00,0,29.1,74
2/19/2018,17:15:00,0,29.1,75
2/19/2018,17:30:00,0,28.8,75
2/19/2018,17:45:00,0,28.6,75
2/19/2018,18:00:00,0,28.4,76
2/19/2018,18:15:00,0,28.4,78
2/19/2018,18:30:00,0,28.6,77
2/19/2018,18:45:00,0,28.4,80
2/19/2018,19:00:00,0,28.1,83
2/19/2018,19:15:00,0,27.4,84
2/19/2018,19:30:00,0,27.4,81
2/19/2018,19:45:00,0,26.4,85
2/19/2018,20:00:00,0,26.7,77
2/19/2018,20:15:00,0,27.1,71
2/19/2018,20:30:00,0,26.9,67
2/19/2018,20:45:00,0,26.4,69
2/19/2018,21:00:00,0,26.7,68
2/19/2018,21:15:00,0,26.4,68
2/19/2018,21:30:00,0,26.4,70
2/19/2018,21:45:00,0,26.2,72
2/19/2018,22:00:00,0,26.4,69
2/19/2018,22:15:00,0,25.7,73
2/19/2018,22:30:00,0,26.2,67
2/19/2018,22:45:00,0,26.2,68
2/19/2018,23:00:00,0,26.2,67
2/19/2018,23:15:00,0,26.4,65
2/19/2018,23:30:00,0,26.7,65
2/19/2018,23:45:00,0,25.9,70
2/20/2018,0:00:00,0,25.9,72
2/20/2018,0:15:00,0,26.2,71
2/20/2018,0:30:00,0,25.9,71
2/20/2018,0:45:00,0,25.4,75
2/20/2018,1:00:00,0,25.4,75
2/20/2018,1:15:00,0,25.2,77
2/20/2018,1:30:00,0,24.9,79
2/20/2018,1:45:00,0,24.9,79
2/20/2018,2:00:00,0,25.2,79
2/20/2018,2:15:00,0,25.7,78
2/20/2018,2:30:00,0,25.2,81
2/20/2018,2:45:00,0,25.2,81
2/20/2018,3:00:00,0,25.4,82
2/20/2018,3:15:00,0,25.4,80
2/20/2018,3:30:00,0,25.7,79
2/20/2018,3:45:00,0,24.7,84
2/20/2018,4:00:00,0,24.9,84
2/20/2018,4:15:00,0,24.9,84
2/20/2018,4:30:00,0,24.9,85
2/20/2018,4:45:00,0,24.7,86
2/20/2018,5:00:00,0,24.9,86
2/20/2018,5:15:00,0,25.2,85
2/20/2018,5:30:00,0,25.2,86
2/20/2018,5:45:00,0,25.4,85
2/20/2018,6:00:00,0,25.7,85
2/20/2018,6:15:00,0,26.2,83
2/20/2018,6:30:00,0,26.4,82
2/20/2018,6:45:00,0,26.9,78
2/20/2018,7:00:00,0,27.4,76
2/20/2018,7:15:00,0,27.4,75
2/20/2018,7:30:00,0,28.1,74
2/20/2018,7:45:00,0,28.4,71
2/20/2018,8:00:00,0,28.6,72
2/20/2018,8:15:00,0,29.1,69
2/20/2018,8:30:00,0,29.6,66
2/20/2018,8:45:00,0,29.6,66
2/20/2018,9:00:00,0,29.8,65
2/20/2018,9:15:00,0,30.6,63
2/20/2018,9:30:00,0,30.8,62
2/20/2018,9:45:00,0,30.8,66
2/20/2018,10:00:00,0,30.3,64
2/20/2018,10:15:00,0,31,61
2/20/2018,10:30:00,0,32.5,59
2/20/2018,10:45:00,0,31.5,63
2/20/2018,11:00:00,0,30.8,65
2/20/2018,11:15:00,0,31,65
2/20/2018,11:30:00,0,31.5,62
2/20/2018,11:45:00,0,32,61
2/20/2018,12:00:00,0,33.5,54
2/20/2018,12:15:00,0,34,54
2/20/2018,12:30:00,0,33.5,53
2/20/2018,12:45:00,0,32.3,61
2/20/2018,13:00:00,0,32.8,61
2/20/2018,13:15:00,0,32.3,62
2/20/2018,13:30:00,0,31.5,68
2/20/2018,13:45:00,0,31.5,69
2/20/2018,14:00:00,0,31.3,69
2/20/2018,14:15:00,0,31.5,66
2/20/2018,14:30:00,0,32.5,62
2/20/2018,14:45:00,0,31.5,64
2/20/2018,15:00:00,0,32,61
2/20/2018,15:15:00,0,31.8,64
2/20/2018,15:30:00,0,32,61
2/20/2018,15:45:00,0,31.5,62
2/20/2018,16:00:00,0,30.8,62
2/20/2018,16:15:00,0,30.3,66
2/20/2018,16:30:00,0,30.8,67
2/20/2018,16:45:00,0,31,67
2/20/2018,17:00:00,0,31.5,63
2/20/2018,17:15:00,0,30.6,65
2/20/2018,17:30:00,0,30.8,61
2/20/2018,17:45:00,0,31,60
2/20/2018,18:00:00,0,30.1,67
2/20/2018,18:15:00,0,29.3,69
2/20/2018,18:30:00,0,29.6,69
2/20/2018,18:45:00,0,28.8,71
2/20/2018,19:00:00,0,28.8,71
2/20/2018,19:15:00,0,29.8,69
2/20/2018,19:30:00,0,29.6,68
2/20/2018,19:45:00,0,29.3,66
2/20/2018,20:00:00,0,28.8,67
2/20/2018,20:15:00,0,28.8,66
2/20/2018,20:30:00,0,28.6,68
2/20/2018,20:45:00,0,28.6,71
2/20/2018,21:00:00,0,28.8,68
2/20/2018,21:15:00,0,28.8,65
2/20/2018,21:30:00,0,29.1,64
2/20/2018,21:45:00,0,29.1,62
2/20/2018,22:00:00,0,29.1,64
2/20/2018,22:15:00,0,29.3,63
2/20/2018,22:30:00,0,28.8,65
2/20/2018,22:45:00,0,29.3,63
2/20/2018,23:00:00,0,28.8,67
2/20/2018,23:15:00,0,28.6,68
2/20/2018,23:30:00,0,28.6,68
2/20/2018,23:45:00,0,28.6,67
2/21/2018,0:00:00,0,29.8,61
2/21/2018,0:15:00,0,30.6,57
2/21/2018,0:30:00,0,30.1,59
2/21/2018,0:45:00,0,30.8,55
2/21/2018,1:00:00,0,31.3,53
2/21/2018,1:15:00,0,31,54
2/21/2018,1:30:00,0,30.8,55
2/21/2018,1:45:00,0,30.8,55
2/21/2018,2:00:00,0,30.6,56
2/21/2018,2:15:00,0,30.6,56
2/21/2018,2:30:00,0,30.8,55
2/21/2018,2:45:00,0,30.8,55
2/21/2018,3:00:00,0,30.8,55
2/21/2018,3:15:00,0,30.8,55
2/21/2018,3:30:00,0,30.6,56
2/21/2018,3:45:00,0,31,54
2/21/2018,4:00:00,0,30.6,55
2/21/2018,4:15:00,0,30.8,54
2/21/2018,4:30:00,0,30.3,55
2/21/2018,4:45:00,0,30.3,55
2/21/2018,5:00:00,0,30.8,54
2/21/2018,5:15:00,0,31,53
2/21/2018,5:30:00,0,30.8,54
2/21/2018,5:45:00,0,30.8,54
2/21/2018,6:00:00,0,30.8,53
2/21/2018,6:15:00,0,31,53
2/21/2018,6:30:00,0,31,53
2/21/2018,6:45:00,0,31.3,52
2/21/2018,7:00:00,0,31.3,52
2/21/2018,7:15:00,0,31.5,52
2/21/2018,7:30:00,0,31.8,52
2/21/2018,7:45:00,0,31.8,52
2/21/2018,8:00:00,0,31.8,52
2/21/2018,8:15:00,0,32,52
2/21/2018,8:30:00,0,33.2,50
2/21/2018,8:45:00,0,34,50
2/21/2018,9:00:00,0,32.8,54
2/21/2018,9:15:00,0,32.5,59
2/21/2018,9:30:00,0,32.3,61
2/21/2018,9:45:00,0,32,60
2/21/2018,10:00:00,0,31.5,61
2/21/2018,10:15:00,0,32,62
2/21/2018,10:30:00,0,32,63
2/21/2018,10:45:00,0,32,59
2/21/2018,11:00:00,0,32.3,60
2/21/2018,11:15:00,0,32.3,61
2/21/2018,11:30:00,0,31.8,63
2/21/2018,11:45:00,0,32.3,62
2/21/2018,12:00:00,0,32.3,61
2/21/2018,12:15:00,0,32.8,61
2/21/2018,12:30:00,0,32,61
2/21/2018,12:45:00,0,33.2,60
2/21/2018,13:00:00,0,33.5,56
2/21/2018,13:15:00,0,34,53
2/21/2018,13:30:00,0,33.2,55
2/21/2018,13:45:00,0,32.5,58
2/21/2018,14:00:00,0,32.5,60
2/21/2018,14:15:00,0,32.8,59
2/21/2018,14:30:00,0,31.5,63
2/21/2018,14:45:00,0,31,65
2/21/2018,15:00:00,0,30.1,72
2/21/2018,15:15:00,0.2,28.1,77
2/21/2018,15:30:00,0,28.1,82
2/21/2018,15:45:00,0,28.8,77
2/21/2018,16:00:00,0,29.8,70
2/21/2018,16:15:00,0,31.3,60
2/21/2018,16:30:00,0,31.3,62
2/21/2018,16:45:00,0,30.8,65
2/21/2018,17:00:00,0,30.1,73
2/21/2018,17:15:00,0,29.3,77
2/21/2018,17:30:00,0,29.6,75
2/21/2018,17:45:00,0,28.8,78
2/21/2018,18:00:00,0,28.4,80
2/21/2018,18:15:00,0,28.6,80
2/21/2018,18:30:00,0,28.1,82
2/21/2018,18:45:00,0,28.4,81
2/21/2018,19:00:00,0,28.4,83
2/21/2018,19:15:00,0,28.1,84
2/21/2018,19:30:00,0,28.1,82
2/21/2018,19:45:00,0,27.6,84
2/21/2018,20:00:00,0,27.1,84
2/21/2018,20:15:00,0,27.6,84
2/21/2018,20:30:00,0,27.9,82
2/21/2018,20:45:00,0,27.6,81
2/21/2018,21:00:00,0,27.9,81
2/21/2018,21:15:00,0,27.1,83
2/21/2018,21:30:00,1.4,25.7,89
2/21/2018,21:45:00,12.4,24.5,96
2/21/2018,22:00:00,14.6,24,97
2/21/2018,22:15:00,6.8,24,98
2/21/2018,22:30:00,3.4,24.5,99
2/21/2018,22:45:00,3.8,24.7,99
2/21/2018,23:00:00,3.6,24.5,99
2/21/2018,23:15:00,2.4,24.5,99
2/21/2018,23:30:00,0.4,24.7,98
2/21/2018,23:45:00,0,24.7,97
2/22/2018,0:00:00,0,24.7,97
2/22/2018,0:15:00,0,24.9,97
2/22/2018,0:30:00,0,24.9,97
2/22/2018,0:45:00,0,24.9,97
2/22/2018,1:00:00,1.8,24.5,96
2/22/2018,1:15:00,1.8,24.2,97
2/22/2018,1:30:00,8,24,97
2/22/2018,1:45:00,5.6,24,98
2/22/2018,2:00:00,1.6,24,98
2/22/2018,2:15:00,1,24,98
2/22/2018,2:30:00,0.6,24,98
2/22/2018,2:45:00,0,24.2,97
2/22/2018,3:00:00,0.2,24.2,97
2/22/2018,3:15:00,0,24.5,96
2/22/2018,3:30:00,0,24.5,95
2/22/2018,3:45:00,0,24.2,95
2/22/2018,4:00:00,0,24,96
2/22/2018,4:15:00,0,24.5,94
2/22/2018,4:30:00,0,24.7,94
2/22/2018,4:45:00,0,24.5,95
2/22/2018,5:00:00,0,24,95
2/22/2018,5:15:00,0,24,95
2/22/2018,5:30:00,0,24,96
2/22/2018,5:45:00,0,23.7,97
2/22/2018,6:00:00,0,24,97
2/22/2018,6:15:00,0,24,97
2/22/2018,6:30:00,0,24,97
2/22/2018,6:45:00,0,24.2,97
2/22/2018,7:00:00,0,24.2,97
2/22/2018,7:15:00,0,24.7,96
2/22/2018,7:30:00,0,24.7,95
2/22/2018,7:45:00,0,25.4,94
2/22/2018,8:00:00,0,25.9,92
2/22/2018,8:15:00,0,26.4,89
2/22/2018,8:30:00,0,27.4,82
2/22/2018,8:45:00,0,27.9,79
2/22/2018,9:00:00,0,27.6,80
2/22/2018,9:15:00,0,27.9,79
2/22/2018,9:30:00,0,28.1,76
2/22/2018,9:45:00,0,28.6,76
2/22/2018,10:00:00,0,29.1,76
2/22/2018,10:15:00,0,28.8,74
2/22/2018,10:30:00,0,29.1,74
2/22/2018,10:45:00,0,28.6,75
2/22/2018,11:00:00,0,29.3,73
2/22/2018,11:15:00,0,28.8,74
2/22/2018,11:30:00,0,28.1,78
2/22/2018,11:45:00,0,27.9,77
2/22/2018,12:00:00,0,28.1,78
2/22/2018,12:15:00,0,28.1,76
2/22/2018,12:30:00,0,28.8,73
2/22/2018,12:45:00,0,28.6,73
2/22/2018,13:00:00,0,28.4,73
2/22/2018,13:15:00,0,27.6,77
2/22/2018,13:30:00,0,28.4,74
2/22/2018,13:45:00,0,28.6,75
2/22/2018,14:00:00,0,28.4,75
2/22/2018,14:15:00,0,28.1,77
2/22/2018,14:30:00,0,27.9,79
2/22/2018,14:45:00,0,27.9,79
2/22/2018,15:00:00,0,27.6,79
2/22/2018,15:15:00,0,27.6,80
2/22/2018,15:30:00,0,27.6,80
2/22/2018,15:45:00,0,27.6,78
2/22/2018,16:00:00,0,27.4,78
2/22/2018,16:15:00,0,27.9,78
2/22/2018,16:30:00,0,28.4,75
2/22/2018,16:45:00,0,28.1,76
2/22/2018,17:00:00,0,27.9,75
2/22/2018,17:15:00,0,27.4,78
2/22/2018,17:30:00,0,27.4,79
2/22/2018,17:45:00,0,27.4,79
2/22/2018,18:00:00,0,27.4,81
2/22/2018,18:15:00,0,27.4,81
2/22/2018,18:30:00,0,27.4,79
2/22/2018,18:45:00,0,27.4,79
2/22/2018,19:00:00,0,27.6,80
2/22/2018,19:15:00,0,27.6,82
2/22/2018,19:30:00,0,27.4,82
2/22/2018,19:45:00,0,27.1,84
2/22/2018,20:00:00,0,27.1,84
2/22/2018,20:15:00,0,27.1,83
2/22/2018,20:30:00,0,26.9,83
2/22/2018,20:45:00,0,26.9,83
2/22/2018,21:00:00,0,26.9,83
2/22/2018,21:15:00,0,26.9,83
2/22/2018,21:30:00,0,26.9,83
2/22/2018,21:45:00,0,26.9,84
2/22/2018,22:00:00,0,26.4,85
2/22/2018,22:15:00,0,26.4,85
2/22/2018,22:30:00,0,25.9,87
2/22/2018,22:45:00,0,25.9,87
2/22/2018,23:00:00,0,25.9,85
2/22/2018,23:15:00,0,25.7,86
2/22/2018,23:30:00,0,25.2,88
2/22/2018,23:45:00,0,25.4,88
2/23/2018,0:00:00,0,25.7,86
2/23/2018,0:15:00,0,25.7,84
2/23/2018,0:30:00,0,25.7,86
2/23/2018,0:45:00,0,25.9,86
2/23/2018,1:00:00,0,25.7,85
2/23/2018,1:15:00,0,25.7,86
2/23/2018,1:30:00,0,25.4,87
2/23/2018,1:45:00,0,25.2,89
2/23/2018,2:00:00,0,25.2,89
2/23/2018,2:15:00,0,25.4,89
2/23/2018,2:30:00,0,25.2,89
2/23/2018,2:45:00,0,25.4,89
2/23/2018,3:00:00,0,25.4,87
2/23/2018,3:15:00,0,25.2,87
2/23/2018,3:30:00,0,24.9,89
2/23/2018,3:45:00,0,25.2,90
2/23/2018,4:00:00,0,25.4,89
2/23/2018,4:15:00,0,25.4,87
2/23/2018,4:30:00,2.4,24.5,91
2/23/2018,4:45:00,10.2,24,95
2/23/2018,5:00:00,7.6,23.7,96
2/23/2018,5:15:00,4.8,23.5,97
2/23/2018,5:30:00,0.8,23.7,97
2/23/2018,5:45:00,0.2,23.7,97
2/23/2018,6:00:00,0,23.7,96
2/23/2018,6:15:00,0,24,96
2/23/2018,6:30:00,0,23.7,96
2/23/2018,6:45:00,0,24,97
2/23/2018,7:00:00,0,24.5,97
2/23/2018,7:15:00,0,24.5,95
2/23/2018,7:30:00,0,24.9,93
2/23/2018,7:45:00,0,25.4,92
2/23/2018,8:00:00,0,25.2,92
2/23/2018,8:15:00,0,25.7,89
2/23/2018,8:30:00,0,25.7,89
2/23/2018,8:45:00,0,25.9,89
2/23/2018,9:00:00,0,25.9,88
2/23/2018,9:15:00,0,26.2,88
2/23/2018,9:30:00,0,26.7,84
2/23/2018,9:45:00,0,27.1,80
2/23/2018,10:00:00,0,27.4,78
2/23/2018,10:15:00,0,27.4,79
2/23/2018,10:30:00,0,27.1,79
2/23/2018,10:45:00,0,27.6,78
2/23/2018,11:00:00,0,27.4,77
2/23/2018,11:15:00,0,26.2,82
2/23/2018,11:30:00,0,25.2,87
2/23/2018,11:45:00,6.2,24,92
2/23/2018,12:00:00,6.4,24,94
2/23/2018,12:15:00,0.6,24.2,95
2/23/2018,12:30:00,3,24.2,96
2/23/2018,12:45:00,1.2,24.2,96
2/23/2018,13:00:00,1.4,24,96
2/23/2018,13:15:00,0,24.2,95
2/23/2018,13:30:00,0,24.5,95
2/23/2018,13:45:00,0,25.2,94
2/23/2018,14:00:00,0,25.2,90
2/23/2018,14:15:00,0.2,25.2,89
2/23/2018,14:30:00,0,25.7,90
2/23/2018,14:45:00,0.4,24.7,90
2/23/2018,15:00:00,0,24.7,91
2/23/2018,15:15:00,0,25.2,90
2/23/2018,15:30:00,0,25.7,89
2/23/2018,15:45:00,0,25.7,88
2/23/2018,16:00:00,0,25.9,85
2/23/2018,16:15:00,0,26.4,82
2/23/2018,16:30:00,0,26.4,80
2/23/2018,16:45:00,0,26.4,79
2/23/2018,17:00:00,0,26.9,81
2/23/2018,17:15:00,0,25.7,86
2/23/2018,17:30:00,0,26.4,81
2/23/2018,17:45:00,0,26.2,81
2/23/2018,18:00:00,0,25.4,87
2/23/2018,18:15:00,0,25.4,87
2/23/2018,18:30:00,0.2,25.9,82
2/23/2018,18:45:00,0,25.9,81
2/23/2018,19:00:00,0,25.9,81
2/23/2018,19:15:00,0,25.9,81
2/23/2018,19:30:00,0,25.2,84
2/23/2018,19:45:00,0,24.9,86
2/23/2018,20:00:00,0,24.7,87
2/23/2018,20:15:00,0,24.5,89
2/23/2018,20:30:00,0,24.2,90
2/23/2018,20:45:00,0,24,92
2/23/2018,21:00:00,0,24,93
2/23/2018,21:15:00,0,24,93
2/23/2018,21:30:00,0,23.7,94
2/23/2018,21:45:00,0,23.7,94
2/23/2018,22:00:00,0,24.2,93
2/23/2018,22:15:00,0,24.2,93
2/23/2018,22:30:00,0,24,94
2/23/2018,22:45:00,0,23.5,95
2/23/2018,23:00:00,0,23.2,96
2/23/2018,23:15:00,0,23.2,96
2/23/2018,23:30:00,0,23,96
2/23/2018,23:45:00,0,23.2,96
2/24/2018,0:00:00,0,23.2,96
2/24/2018,0:15:00,0,23,96
2/24/2018,0:30:00,0,22.7,96
2/24/2018,0:45:00,0,22.7,96
2/24/2018,1:00:00,0,22.5,97
2/24/2018,1:15:00,0,22.7,97
2/24/2018,1:30:00,0,22.5,97
2/24/2018,1:45:00,0,22.5,97
2/24/2018,2:00:00,0,22.7,97
2/24/2018,2:15:00,0,22.7,97
2/24/2018,2:30:00,0,22.5,97
2/24/2018,2:45:00,0,22.5,96
2/24/2018,3:00:00,0,22.3,95
2/24/2018,3:15:00,0,22.3,96
2/24/2018,3:30:00,0,22,96
2/24/2018,3:45:00,0,22.3,96
2/24/2018,4:00:00,0,22.5,95
2/24/2018,4:15:00,0,22.3,95
2/24/2018,4:30:00,0,22.5,94
2/24/2018,4:45:00,0,22.5,94
2/24/2018,5:00:00,0,23,94
2/24/2018,5:15:00,0,23.2,93
2/24/2018,5:30:00,0,23,93
2/24/2018,5:45:00,0,22.7,94
2/24/2018,6:00:00,0,22.7,94
2/24/2018,6:15:00,0,22.5,95
2/24/2018,6:30:00,0,22.7,95
2/24/2018,6:45:00,0,22.7,95
2/24/2018,7:00:00,0,22.7,95
2/24/2018,7:15:00,0,23,93
2/24/2018,7:30:00,0,23.5,91
2/24/2018,7:45:00,0,24,89
2/24/2018,8:00:00,0,23.7,90
2/24/2018,8:15:00,0,24,89
2/24/2018,8:30:00,0,24.2,87
2/24/2018,8:45:00,0,24.7,82
2/24/2018,9:00:00,0,25.4,80
2/24/2018,9:15:00,0,25.7,77
2/24/2018,9:30:00,0,26.2,75
2/24/2018,9:45:00,0,26.4,73
2/24/2018,10:00:00,0,26.4,72
2/24/2018,10:15:00,0,26.9,67
2/24/2018,10:30:00,0,26.9,67
2/24/2018,10:45:00,0,27.4,68
2/24/2018,11:00:00,0,27.1,68
2/24/2018,11:15:00,0,27.1,65
2/24/2018,11:30:00,0,27.4,66
2/24/2018,11:45:00,0,28.1,65
2/24/2018,12:00:00,0,28.1,65
2/24/2018,12:15:00,0,27.9,62
2/24/2018,12:30:00,0,28.1,61
2/24/2018,12:45:00,0,28.4,62
2/24/2018,13:00:00,0,28.1,63
2/24/2018,13:15:00,0,27.9,63
2/24/2018,13:30:00,0,27.6,64
2/24/2018,13:45:00,0,27.1,67
2/24/2018,14:00:00,0,27.1,66
2/24/2018,14:15:00,0,27.1,66
2/24/2018,14:30:00,0,27.1,65
2/24/2018,14:45:00,0,27.4,66
2/24/2018,15:00:00,0,26.7,67
2/24/2018,15:15:00,0,27.4,67
2/24/2018,15:30:00,0,27.1,71
2/24/2018,15:45:00,0,27.1,69
2/24/2018,16:00:00,0,27.1,67
2/24/2018,16:15:00,0,26.9,67
2/24/2018,16:30:00,0,26.9,70
2/24/2018,16:45:00,0,26.9,69
2/24/2018,17:00:00,0,26.7,72
2/24/2018,17:15:00,0,26.4,73
2/24/2018,17:30:00,0,26.4,72
2/24/2018,17:45:00,0,26.4,73
2/24/2018,18:00:00,0,26.2,72
2/24/2018,18:15:00,0,26.4,75
2/24/2018,18:30:00,0,26.2,75
2/24/2018,18:45:00,0,26.2,74
2/24/2018,19:00:00,0,26.2,74
2/24/2018,19:15:00,0,25.9,74
2/24/2018,19:30:00,0,26.2,73
2/24/2018,19:45:00,0,26.2,74
2/24/2018,20:00:00,0,25.9,73
2/24/2018,20:15:00,0,26.2,74
2/24/2018,20:30:00,0,25.9,74
2/24/2018,20:45:00,0,25.9,74
2/24/2018,21:00:00,0,26.2,74
2/24/2018,21:15:00,0,25.9,74
2/24/2018,21:30:00,0,25.9,74
2/24/2018,21:45:00,0,25.9,74
2/24/2018,22:00:00,0,25.9,74
2/24/2018,22:15:00,0,25.9,74
2/24/2018,22:30:00,0,25.7,74
2/24/2018,22:45:00,0,25.7,74
2/24/2018,23:00:00,0,25.7,74
2/24/2018,23:15:00,0,25.4,74
2/24/2018,23:30:00,0,25.4,76
2/24/2018,23:45:00,0,24.9,77
2/25/2018,0:00:00,0,24.7,79
2/25/2018,0:15:00,0,24.2,80
2/25/2018,0:30:00,0,24.2,80
2/25/2018,0:45:00,0,23.7,83
2/25/2018,1:00:00,0,23.7,85
2/25/2018,1:15:00,0,23.7,85
2/25/2018,1:30:00,0,23.5,86
2/25/2018,1:45:00,0,23.2,86
2/25/2018,2:00:00,0,23.2,87
2/25/2018,2:15:00,0,23,88
2/25/2018,2:30:00,0,23,88
2/25/2018,2:45:00,0,22.7,88
2/25/2018,3:00:00,0,22.7,89
2/25/2018,3:15:00,0,22.5,89
2/25/2018,3:30:00,0,22.3,90
2/25/2018,3:45:00,0,22.3,90
2/25/2018,4:00:00,0,22.3,91
2/25/2018,4:15:00,0,22.3,91
2/25/2018,4:30:00,0,22.3,91
2/25/2018,4:45:00,0,22.3,91
2/25/2018,5:00:00,0,22.7,90
2/25/2018,5:15:00,0,22.3,90
2/25/2018,5:30:00,0,22.3,91
2/25/2018,5:45:00,0,22,92
2/25/2018,6:00:00,0,22,92
2/25/2018,6:15:00,0,22,92
2/25/2018,6:30:00,0,22.5,92
2/25/2018,6:45:00,0,23.2,89
2/25/2018,7:00:00,0,24,86
2/25/2018,7:15:00,0,24.2,85
2/25/2018,7:30:00,0,25.9,77
2/25/2018,7:45:00,0,26.4,73
2/25/2018,8:00:00,0,27.6,71
2/25/2018,8:15:00,0,25.9,72
2/25/2018,8:30:00,0,25.9,72
2/25/2018,8:45:00,0,26.4,71
2/25/2018,9:00:00,0,27.1,67
2/25/2018,9:15:00,0,26.9,68
2/25/2018,9:30:00,0,26.9,67
2/25/2018,9:45:00,0,27.4,65
2/25/2018,10:00:00,0,27.6,65
2/25/2018,10:15:00,0,27.6,66
2/25/2018,10:30:00,0,27.1,66
2/25/2018,10:45:00,0,27.4,68
2/25/2018,11:00:00,0,26.9,68
2/25/2018,11:15:00,0,27.4,67
2/25/2018,11:30:00,0,27.1,66
2/25/2018,11:45:00,0,27.6,68
2/25/2018,12:00:00,0,28.1,65
2/25/2018,12:15:00,0,27.6,67
2/25/2018,12:30:00,0,27.9,65
2/25/2018,12:45:00,0,27.4,68
2/25/2018,13:00:00,0,27.4,66
2/25/2018,13:15:00,0,27.4,67
2/25/2018,13:30:00,0,27.4,69
2/25/2018,13:45:00,0,27.1,70
2/25/2018,14:00:00,0,27.4,70
2/25/2018,14:15:00,0,27.4,68
2/25/2018,14:30:00,0,27.1,70
2/25/2018,14:45:00,0,27.4,69
2/25/2018,15:00:00,0,27.4,70
2/25/2018,15:15:00,0,27.4,69
2/25/2018,15:30:00,0,26.7,68
2/25/2018,15:45:00,0,27.1,67
2/25/2018,16:00:00,0,27.1,69
2/25/2018,16:15:00,0,27.1,69
2/25/2018,16:30:00,0,26.9,71
2/25/2018,16:45:00,0,26.9,69
2/25/2018,17:00:00,0,26.4,70
2/25/2018,17:15:00,0,26.4,71
2/25/2018,17:30:00,0,26.7,71
2/25/2018,17:45:00,0,26.4,71
2/25/2018,18:00:00,0,26.4,71
2/25/2018,18:15:00,0,26.2,72
2/25/2018,18:30:00,0,26.4,72
2/25/2018,18:45:00,0,26.4,72
2/25/2018,19:00:00,0,26.4,71
2/25/2018,19:15:00,0,26.4,70
2/25/2018,19:30:00,0,26.4,70
2/25/2018,19:45:00,0,26.4,69
2/25/2018,20:00:00,0,26.4,70
2/25/2018,20:15:00,0,25.7,74
2/25/2018,20:30:00,0,25.7,74
2/25/2018,20:45:00,0,25.7,74
2/25/2018,21:00:00,0,25.7,74
2/25/2018,21:15:00,0,25.7,75
2/25/2018,21:30:00,0,25.4,77
2/25/2018,21:45:00,0,25.4,78
2/25/2018,22:00:00,0,25.2,78
2/25/2018,22:15:00,0,25.4,78
2/25/2018,22:30:00,0,24.9,79
2/25/2018,22:45:00,0,24.9,79
2/25/2018,23:00:00,0,25.4,76
2/25/2018,23:15:00,0,24.9,78
2/25/2018,23:30:00,0,24.7,79
2/25/2018,23:45:00,0,24.5,80
2/26/2018,0:00:00,0,24.5,80
2/26/2018,0:15:00,0,24.2,82
2/26/2018,0:30:00,0,24.5,82
2/26/2018,0:45:00,0,24.2,82
2/26/2018,1:00:00,0,24.5,82
2/26/2018,1:15:00,0,24.2,82
2/26/2018,1:30:00,0,24.2,82
2/26/2018,1:45:00,0,24,84
2/26/2018,2:00:00,0,24.9,78
2/26/2018,2:15:00,0,24.7,79
2/26/2018,2:30:00,0,24.9,79
2/26/2018,2:45:00,0,24.9,78
2/26/2018,3:00:00,0,25.2,77
2/26/2018,3:15:00,0,25.2,78
2/26/2018,3:30:00,0,25.2,78
2/26/2018,3:45:00,0,24.9,79
2/26/2018,4:00:00,0,24.7,80
2/26/2018,4:15:00,0,24.7,80
2/26/2018,4:30:00,0,24.5,81
2/26/2018,4:45:00,0,24.2,83
2/26/2018,5:00:00,0,24,85
2/26/2018,5:15:00,0,24.2,84
2/26/2018,5:30:00,0,24.5,83
2/26/2018,5:45:00,0,24.5,82
2/26/2018,6:00:00,0,24,85
2/26/2018,6:15:00,0,24.5,83
2/26/2018,6:30:00,0,24.5,83
2/26/2018,6:45:00,0,24.7,82
2/26/2018,7:00:00,0,25.2,81
2/26/2018,7:15:00,0,25.2,81
2/26/2018,7:30:00,0,25.2,81
2/26/2018,7:45:00,0,25.4,81
2/26/2018,8:00:00,0,25.4,81
2/26/2018,8:15:00,0,25.9,78
2/26/2018,8:30:00,0,26.2,77
2/26/2018,8:45:00,0,26.9,73
2/26/2018,9:00:00,0,27.1,71
2/26/2018,9:15:00,0,26.7,70
2/26/2018,9:30:00,0,27.1,71
2/26/2018,9:45:00,0,27.9,68
2/26/2018,10:00:00,0,27.9,69
2/26/2018,10:15:00,0,28.4,66
2/26/2018,10:30:00,0,28.4,67
2/26/2018,10:45:00,0,28.4,66
2/26/2018,11:00:00,0,28.6,64
2/26/2018,11:15:00,0,28.1,68
2/26/2018,11:30:00,0,28.1,70
2/26/2018,11:45:00,0,27.9,69
2/26/2018,12:00:00,0,28.4,68
2/26/2018,12:15:00,0,28.4,70
2/26/2018,12:30:00,0,28.1,70
2/26/2018,12:45:00,0,28.1,71
2/26/2018,13:00:00,0,27.6,72
2/26/2018,13:15:00,0,27.6,72
2/26/2018,13:30:00,0,27.9,72
2/26/2018,13:45:00,0,27.9,71
2/26/2018,14:00:00,0,27.9,74
2/26/2018,14:15:00,0,27.9,74
2/26/2018,14:30:00,0,27.9,75
2/26/2018,14:45:00,0,27.4,77
2/26/2018,15:00:00,0,27.6,78
2/26/2018,15:15:00,0,27.4,77
2/26/2018,15:30:00,0,27.4,76
2/26/2018,15:45:00,0,27.1,77
2/26/2018,16:00:00,0,27.1,77
2/26/2018,16:15:00,0,27.1,79
2/26/2018,16:30:00,0,26.9,81
2/26/2018,16:45:00,0,26.9,82
2/26/2018,17:00:00,0,26.4,84
2/26/2018,17:15:00,0.2,26.2,86
2/26/2018,17:30:00,0,25.4,90
2/26/2018,17:45:00,0,25.7,91
2/26/2018,18:00:00,0.2,25.4,92
2/26/2018,18:15:00,0,25.4,93
2/26/2018,18:30:00,0,25.2,94
2/26/2018,18:45:00,0,25.2,94
2/26/2018,19:00:00,0,24.9,95
2/26/2018,19:15:00,0,25.2,95
2/26/2018,19:30:00,0.2,24.9,95
2/26/2018,19:45:00,0.2,24.9,96
2/26/2018,20:00:00,0.2,24.7,96
2/26/2018,20:15:00,0,24.9,97
2/26/2018,20:30:00,0.2,24.9,97
2/26/2018,20:45:00,0,24.7,97
2/26/2018,21:00:00,0,24.5,98
2/26/2018,21:15:00,0,24.5,97
2/26/2018,21:30:00,0.2,24.5,98
2/26/2018,21:45:00,0,24.5,98
2/26/2018,22:00:00,0,24.2,98
2/26/2018,22:15:00,0,24.5,97
2/26/2018,22:30:00,0,24.7,95
2/26/2018,22:45:00,0,24.9,93
2/26/2018,23:00:00,0,25.2,92
2/26/2018,23:15:00,0,24.9,93
2/26/2018,23:30:00,0,24.9,92
2/26/2018,23:45:00,0,24.7,93
2/27/2018,0:00:00,0,24.7,93
2/27/2018,0:15:00,0,25.2,91
2/27/2018,0:30:00,0,25.2,87
2/27/2018,0:45:00,0,24.7,89
2/27/2018,1:00:00,0,24.7,89
2/27/2018,1:15:00,0,24.9,86
2/27/2018,1:30:00,0,24.7,86
2/27/2018,1:45:00,0,24.2,89
2/27/2018,2:00:00,0,24,92
2/27/2018,2:15:00,0,24,91
2/27/2018,2:30:00,0,23.7,91
2/27/2018,2:45:00,0,24,91
2/27/2018,3:00:00,0,24,91
2/27/2018,3:15:00,0,23.5,92
2/27/2018,3:30:00,0,23.5,93
2/27/2018,3:45:00,0,23.7,93
2/27/2018,4:00:00,0,24,91
2/27/2018,4:15:00,0,23.7,92
2/27/2018,4:30:00,0,23.5,93
2/27/2018,4:45:00,0,23.2,94
2/27/2018,5:00:00,0,23.2,94
2/27/2018,5:15:00,0,23.5,94
2/27/2018,5:30:00,0,23.2,95
2/27/2018,5:45:00,0,23.5,95
2/27/2018,6:00:00,0,23.2,95
2/27/2018,6:15:00,0,23.2,96
2/27/2018,6:30:00,0,23.7,96
2/27/2018,6:45:00,0,24,96
2/27/2018,7:00:00,0,24.2,95
2/27/2018,7:15:00,0,24.5,95
2/27/2018,7:30:00,0,24.5,95
2/27/2018,7:45:00,0,24.7,94
2/27/2018,8:00:00,0,25.7,92
2/27/2018,8:15:00,0,26.2,90
2/27/2018,8:30:00,0,26.9,85
2/27/2018,8:45:00,0,26.9,85
2/27/2018,9:00:00,0,27.1,84
2/27/2018,9:15:00,0,27.4,81
2/27/2018,9:30:00,0,27.9,75
2/27/2018,9:45:00,0,28.1,74
2/27/2018,10:00:00,0,27.4,75
2/27/2018,10:15:00,0,27.4,76
2/27/2018,10:30:00,0,26.7,78
2/27/2018,10:45:00,0.2,25.7,84
2/27/2018,11:00:00,0.2,26.2,85
2/27/2018,11:15:00,0,25.9,82
2/27/2018,11:30:00,0.2,26.2,81
2/27/2018,11:45:00,0,26.2,82
2/27/2018,12:00:00,0,26.9,82
2/27/2018,12:15:00,0,27.4,79
2/27/2018,12:30:00,0,27.1,77
2/27/2018,12:45:00,0,27.1,77
2/27/2018,13:00:00,0,26.9,75
2/27/2018,13:15:00,0,27.6,72
2/27/2018,13:30:00,0,27.1,75
2/27/2018,13:45:00,0,27.1,74
2/27/2018,14:00:00,0,27.4,73
2/27/2018,14:15:00,0,27.6,72
2/27/2018,14:30:00,0,28.4,71
2/27/2018,14:45:00,0,28.4,70
2/27/2018,15:00:00,0,28.4,70
2/27/2018,15:15:00,0,28.6,71
2/27/2018,15:30:00,0,28.6,69
2/27/2018,15:45:00,0,28.1,72
2/27/2018,16:00:00,0,28.1,72
2/27/2018,16:15:00,0,27.6,75
2/27/2018,16:30:00,0,27.4,78
2/27/2018,16:45:00,0,26.9,81
2/27/2018,17:00:00,0,26.7,82
2/27/2018,17:15:00,0,27.1,83
2/27/2018,17:30:00,0,26.9,84
2/27/2018,17:45:00,0,26.9,84
2/27/2018,18:00:00,0,26.7,85
2/27/2018,18:15:00,0,26.4,86
2/27/2018,18:30:00,0,26.7,86
2/27/2018,18:45:00,0,26.7,85
2/27/2018,19:00:00,0,26.4,85
2/27/2018,19:15:00,2,25.7,89
2/27/2018,19:30:00,12.6,23.7,93
2/27/2018,19:45:00,15.8,23.2,95
2/27/2018,20:00:00,0.6,23.2,96
2/27/2018,20:15:00,0,23.7,96
2/27/2018,20:30:00,0,23.5,96
2/27/2018,20:45:00,0,23.5,97
2/27/2018,21:00:00,0,23.5,97
2/27/2018,21:15:00,0,23.5,97
2/27/2018,21:30:00,0.2,23.7,97
2/27/2018,21:45:00,0.2,23.5,97
2/27/2018,22:00:00,0,23.2,97
2/27/2018,22:15:00,0,23.5,97
2/27/2018,22:30:00,0,23,97
2/27/2018,22:45:00,0,23,97
2/27/2018,23:00:00,0,22.7,97
2/27/2018,23:15:00,0,22.7,97
2/27/2018,23:30:00,0,23,97
2/27/2018,23:45:00,0,22.7,97
2/28/2018,0:00:00,0,22.7,98
2/28/2018,0:15:00,0,22.5,98
2/28/2018,0:30:00,0,22.5,98
2/28/2018,0:45:00,0,22.7,98
2/28/2018,1:00:00,0,22.5,98
2/28/2018,1:15:00,0,22.5,98
2/28/2018,1:30:00,0,22.7,98
2/28/2018,1:45:00,0,22.7,97
2/28/2018,2:00:00,0,22.7,98
2/28/2018,2:15:00,0,23.2,97
2/28/2018,2:30:00,0,22.7,97
2/28/2018,2:45:00,0,23,97
2/28/2018,3:00:00,0,22.7,97
2/28/2018,3:15:00,0,23,97
2/28/2018,3:30:00,0,23.2,97
2/28/2018,3:45:00,0,23.2,96
2/28/2018,4:00:00,0,23,95
2/28/2018,4:15:00,0,23.2,96
2/28/2018,4:30:00,0,22.7,96
2/28/2018,4:45:00,0,23,96
2/28/2018,5:00:00,0,22.7,96
2/28/2018,5:15:00,0,22.5,97
2/28/2018,5:30:00,0,22.7,97
2/28/2018,5:45:00,0,22.7,97
2/28/2018,6:00:00,0,22.7,97
2/28/2018,6:15:00,0,23,97
2/28/2018,6:30:00,0,23.7,96
2/28/2018,6:45:00,0,24.2,95
2/28/2018,7:00:00,0,24.7,92
2/28/2018,7:15:00,0,25.7,89
2/28/2018,7:30:00,0,26.7,85
2/28/2018,7:45:00,0,26.9,85
2/28/2018,8:00:00,0,27.1,82
2/28/2018,8:15:00,0,27.6,78
2/28/2018,8:30:00,0,29.1,72
2/28/2018,8:45:00,0,28.1,76
2/28/2018,9:00:00,0,28.6,72
2/28/2018,9:15:00,0,29.3,71
2/28/2018,9:30:00,0,29.3,70
2/28/2018,9:45:00,0,29.3,68
2/28/2018,10:00:00,0,29.3,66
2/28/2018,10:15:00,0,29.3,63
2/28/2018,10:30:00,0,29.6,63
2/28/2018,10:45:00,0,29.3,62
2/28/2018,11:00:00,0,29.1,66
2/28/2018,11:15:00,0,29.3,66
2/28/2018,11:30:00,0,29.6,66
2/28/2018,11:45:00,0,28.8,68
2/28/2018,12:00:00,0,28.8,66
2/28/2018,12:15:00,0,30.3,65
2/28/2018,12:30:00,0,28.8,68
2/28/2018,12:45:00,0,29.3,72
2/28/2018,13:00:00,0,28.6,74
2/28/2018,13:15:00,0,29.1,73
2/28/2018,13:30:00,0,29.1,73
2/28/2018,13:45:00,0,28.4,77
2/28/2018,14:00:00,0,28.6,75
2/28/2018,14:15:00,0,28.6,76
2/28/2018,14:30:00,0,28.8,75
2/28/2018,14:45:00,0,28.4,77
2/28/2018,15:00:00,0,28.4,76
2/28/2018,15:15:00,0,28.4,76
2/28/2018,15:30:00,0,28.6,74
2/28/2018,15:45:00,0,28.4,76
2/28/2018,16:00:00,0,28.4,76
2/28/2018,16:15:00,0,27.9,76
2/28/2018,16:30:00,0,27.9,77
2/28/2018,16:45:00,0,27.6,78
2/28/2018,17:00:00,0,27.6,77
2/28/2018,17:15:00,0,27.6,79
2/28/2018,17:30:00,0,27.4,79
2/28/2018,17:45:00,0,27.4,79
2/28/2018,18:00:00,0,27.4,80
2/28/2018,18:15:00,0,27.4,81
2/28/2018,18:30:00,0,27.1,81
2/28/2018,18:45:00,0,27.1,80
2/28/2018,19:00:00,0,27.1,80
2/28/2018,19:15:00,0,27.1,80
2/28/2018,19:30:00,0,26.9,80
2/28/2018,19:45:00,0,26.9,81
2/28/2018,20:00:00,0,26.9,83
2/28/2018,20:15:00,0,26.2,84
2/28/2018,20:30:00,0,26.4,85
2/28/2018,20:45:00,0,26.2,85
2/28/2018,21:00:00,0,25.7,87
2/28/2018,21:15:00,0,25.7,86
2/28/2018,21:30:00,0,25.2,89
2/28/2018,21:45:00,0,25.2,90
2/28/2018,22:00:00,0,24.9,90
2/28/2018,22:15:00,0,24.7,91
2/28/2018,22:30:00,0,24.7,91
2/28/2018,22:45:00,0,25.2,89
2/28/2018,23:00:00,0,24.7,89
2/28/2018,23:15:00,0,24.7,89
2/28/2018,23:30:00,0,24.7,90
2/28/2018,23:45:00,0,24.9,89
