Dia,Hora,Chuva,Temperatura,Umidade
01/02/2018,00:00:00,0,23.2,84
01/02/2018,00:15:00,0,23.2,85
01/02/2018,00:30:00,0,22.5,88
01/02/2018,00:45:00,0,22.5,90
01/02/2018,01:00:00,0,22,90
01/02/2018,01:15:00,0,22.7,90
01/02/2018,01:30:00,0,22.5,89
01/02/2018,01:45:00,0,22,89
01/02/2018,02:00:00,0,22.3,90
01/02/2018,02:15:00,0,22,90
01/02/2018,02:30:00,0,22,90
01/02/2018,02:45:00,0,21.8,90
01/02/2018,03:00:00,0,22,90
01/02/2018,03:15:00,0,21.8,90
01/02/2018,03:30:00,0,21.8,91
01/02/2018,03:45:00,0,22.3,91
01/02/2018,04:00:00,0,22,90
01/02/2018,04:15:00,0,22.3,90
01/02/2018,04:30:00,0,22.5,88
01/02/2018,04:45:00,0,22.3,88
01/02/2018,05:00:00,0,22,89
01/02/2018,05:15:00,0,22,88
01/02/2018,05:30:00,0,22,88
01/02/2018,05:45:00,0,21.8,88
01/02/2018,06:00:00,0,22.5,87
01/02/2018,06:15:00,0,22.5,87
01/02/2018,06:30:00,0,22.3,88
01/02/2018,06:45:00,0,22.3,88
01/02/2018,07:00:00,0,22.5,89
01/02/2018,07:15:00,0,22.5,88
01/02/2018,07:30:00,0,22.7,87
01/02/2018,07:45:00,0,24.2,81
01/02/2018,08:00:00,0,25.9,75
01/02/2018,08:15:00,0,25.7,73
01/02/2018,08:30:00,0,26.2,70
01/02/2018,08:45:00,0,26.4,68
01/02/2018,09:00:00,0,26.9,66
01/02/2018,09:15:00,0,27.4,64
01/02/2018,09:30:00,0,28.4,61
01/02/2018,09:45:00,0,27.6,63
01/02/2018,10:00:00,0,27.1,65
01/02/2018,10:15:00,0,27.4,63
01/02/2018,10:30:00,0,28.6,60
01/02/2018,10:45:00,0,28.8,58
01/02/2018,11:00:00,0,28.6,63
01/02/2018,11:15:00,0,28.6,63
01/02/2018,11:30:00,0,28.6,63
01/02/2018,11:45:00,0,28.1,61
01/02/2018,12:00:00,0,28.4,60
01/02/2018,12:15:00,0,28.4,64
01/02/2018,12:30:00,0,28.6,60
01/02/2018,12:45:00,0,28.1,60
01/02/2018,13:00:00,0,27.9,62
01/02/2018,13:15:00,0,28.4,62
01/02/2018,13:30:00,0,28.6,58
01/02/2018,13:45:00,0,28.6,65
01/02/2018,14:00:00,0,28.4,67
01/02/2018,14:15:00,0,28.6,62
01/02/2018,14:30:00,0,28.4,64
01/02/2018,14:45:00,0,29.3,62
01/02/2018,15:00:00,0,28.8,64
01/02/2018,15:15:00,0,28.4,64
01/02/2018,15:30:00,0,28.4,65
01/02/2018,15:45:00,0,28.6,65
01/02/2018,16:00:00,0,28.1,66
01/02/2018,16:15:00,0,28.1,66
01/02/2018,16:30:00,0,28.1,67
01/02/2018,16:45:00,0,28.4,67
01/02/2018,17:00:00,0,26.9,72
01/02/2018,17:15:00,0,26.9,71
01/02/2018,17:30:00,0,27.6,71
01/02/2018,17:45:00,0,27.4,70
01/02/2018,18:00:00,0,26.9,71
01/02/2018,18:15:00,0,28.1,68
01/02/2018,18:30:00,0,27.4,67
01/02/2018,18:45:00,0,26.9,71
01/02/2018,19:00:00,0,26.4,72
01/02/2018,19:15:00,0,26.2,72
01/02/2018,19:30:00,0,26.2,73
01/02/2018,19:45:00,0,25.7,75
01/02/2018,20:00:00,0,25.2,77
01/02/2018,20:15:00,0,25.2,77
01/02/2018,20:30:00,0,24.9,77
01/02/2018,20:45:00,0,24.9,77
01/02/2018,21:00:00,0,24.5,79
01/02/2018,21:15:00,0,24.9,79
01/02/2018,21:30:00,0,24.9,80
01/02/2018,21:45:00,0,24.9,80
01/02/2018,22:00:00,0,24.9,79
01/02/2018,22:15:00,0,24.9,78
01/02/2018,22:30:00,0,24.7,77
01/02/2018,22:45:00,0,24.5,78
01/02/2018,23:00:00,0,24.7,79
01/02/2018,23:15:00,0,24.2,80
01/02/2018,23:30:00,0,24.2,80
01/02/2018,23:45:00,0,23.7,83
02/02/2018,00:00:00,0,24.2,81
02/02/2018,00:15:00,0,23.5,83
02/02/2018,00:30:00,0,23.2,85
02/02/2018,00:45:00,0,23.2,86
02/02/2018,01:00:00,0,23.5,84
02/02/2018,01:15:00,0,23.2,86
02/02/2018,01:30:00,0,22.7,86
02/02/2018,01:45:00,0,23.2,84
02/02/2018,02:00:00,0,23.5,84
02/02/2018,02:15:00,0,22.5,86
02/02/2018,02:30:00,0,22.7,86
02/02/2018,02:45:00,0,22.7,87
02/02/2018,03:00:00,0,22.7,86
02/02/2018,04:15:00,0,23,87
02/02/2018,04:30:00,0,23.2,85
02/02/2018,04:45:00,0,23,86
02/02/2018,05:00:00,0,22.7,87
02/02/2018,05:15:00,0,22.5,89
02/02/2018,05:30:00,0,22.7,88
02/02/2018,05:45:00,0,23,88
02/02/2018,06:00:00,0,23,88
02/02/2018,06:15:00,0,22.7,88
02/02/2018,06:30:00,0,22.7,89
02/02/2018,06:45:00,0,22.7,88
02/02/2018,07:00:00,0,22.7,88
02/02/2018,07:15:00,0,23.7,85
02/02/2018,07:30:00,0,24,83
02/02/2018,07:45:00,0,25.4,80
02/02/2018,08:00:00,0,25.2,80
02/02/2018,08:15:00,0,26.2,75
02/02/2018,08:30:00,0,27.4,70
02/02/2018,08:45:00,0,27.4,66
02/02/2018,09:00:00,0,28.1,64
02/02/2018,09:15:00,0,27.6,67
02/02/2018,09:30:00,0,27.6,70
02/02/2018,09:45:00,0,27.1,69
02/02/2018,10:00:00,0,27.4,69
02/02/2018,10:15:00,0,28.1,67
02/02/2018,10:30:00,0,26.9,71
02/02/2018,10:45:00,0,27.9,66
02/02/2018,11:00:00,0,27.9,65
02/02/2018,11:15:00,0,28.6,64
02/02/2018,11:30:00,0,28.4,65
02/02/2018,11:45:00,0,27.6,70
02/02/2018,12:00:00,0,27.4,72
02/02/2018,12:15:00,0,26.7,73
02/02/2018,12:30:00,0,27.6,72
02/02/2018,12:45:00,0,27.4,73
02/02/2018,13:00:00,0,26.9,75
02/02/2018,13:15:00,0,27.1,74
02/02/2018,13:30:00,0,27.1,73
02/02/2018,13:45:00,0,26.9,72
02/02/2018,14:00:00,0,26.9,71
02/02/2018,14:15:00,0,26.9,73
02/02/2018,14:30:00,0,26.9,73
02/02/2018,14:45:00,0,27.1,72
02/02/2018,15:00:00,0,28.1,69
02/02/2018,15:15:00,0,28.1,66
02/02/2018,15:30:00,0,26.7,74
02/02/2018,15:45:00,0,26.7,74
02/02/2018,16:00:00,0,27.4,71
02/02/2018,16:15:00,0,27.1,70
02/02/2018,16:30:00,0,26.9,72
02/02/2018,16:45:00,0,27.4,69
02/02/2018,17:00:00,0,27.6,69
02/02/2018,17:15:00,0,26.9,71
02/02/2018,17:30:00,0,26.7,73
02/02/2018,17:45:00,0,26.2,74
02/02/2018,18:00:00,0,26.4,73
02/02/2018,18:15:00,0,27.6,69
02/02/2018,18:30:00,0,26.4,72
02/02/2018,18:45:00,0,26.2,73
02/02/2018,19:00:00,0,26.2,73
02/02/2018,19:15:00,0,26.2,73
02/02/2018,19:30:00,0,25.9,75
02/02/2018,19:45:00,0,25.4,76
02/02/2018,20:00:00,0,25.7,77
02/02/2018,20:15:00,0,24.9,78
02/02/2018,20:30:00,0,25.2,78
02/02/2018,20:45:00,0,24.9,79
02/02/2018,21:00:00,0,25.2,80
02/02/2018,21:15:00,0,24.7,81
02/02/2018,21:30:00,0,24.9,80
02/02/2018,21:45:00,0,24.7,81
02/02/2018,22:00:00,0,24.7,81
02/02/2018,22:15:00,0,24.7,80
02/02/2018,22:30:00,0,24.5,80
02/02/2018,22:45:00,0,24.2,80
02/02/2018,23:00:00,0,24.2,80
02/02/2018,23:15:00,0,23.5,82
02/02/2018,23:30:00,0,23.7,83
02/02/2018,23:45:00,0,23.5,84
03/02/2018,00:00:00,0,23.7,84
03/02/2018,00:15:00,0,23.7,86
03/02/2018,00:30:00,0,23.7,84
03/02/2018,00:45:00,0,24,85
03/02/2018,01:00:00,0,23.7,85
03/02/2018,01:15:00,0,23.5,88
03/02/2018,01:30:00,0,23.2,88
03/02/2018,01:45:00,0,23.5,88
03/02/2018,02:00:00,0,23.7,87
03/02/2018,02:15:00,0,23.5,86
03/02/2018,02:30:00,0,23.2,88
03/02/2018,02:45:00,0,23.5,86
03/02/2018,03:00:00,0,23.2,87
03/02/2018,04:15:00,0,22.7,89
03/02/2018,04:30:00,0,22.7,89
03/02/2018,04:45:00,0,22.5,90
03/02/2018,05:00:00,0,23,87
03/02/2018,05:15:00,0,22.7,88
03/02/2018,05:30:00,0,22.7,88
03/02/2018,05:45:00,0,22.7,89
03/02/2018,06:00:00,0,23,89
03/02/2018,06:15:00,0,23.2,87
03/02/2018,06:30:00,0,23.2,85
03/02/2018,06:45:00,0,23.7,85
03/02/2018,07:00:00,0,24.7,81
03/02/2018,07:15:00,0,24,83
03/02/2018,07:30:00,0,24.2,83
03/02/2018,07:45:00,0,24.9,81
03/02/2018,08:00:00,0,25.2,81
03/02/2018,08:15:00,0,25.9,77
03/02/2018,08:30:00,0,27.1,72
03/02/2018,08:45:00,0,27.4,70
03/02/2018,09:00:00,0,26.7,73
03/02/2018,09:15:00,0,27.1,71
03/02/2018,09:30:00,0,27.1,69
03/02/2018,09:45:00,0,27.6,67
03/02/2018,10:00:00,0,27.4,66
03/02/2018,10:15:00,0,27.6,68
03/02/2018,10:30:00,0,27.1,67
03/02/2018,10:45:00,0,28.1,66
03/02/2018,11:00:00,0,27.9,67
03/02/2018,11:15:00,0,27.6,68
03/02/2018,11:30:00,0,27.6,67
03/02/2018,11:45:00,0,28.1,67
03/02/2018,12:00:00,0,27.1,71
03/02/2018,12:15:00,0,27.1,71
03/02/2018,12:30:00,0,27.1,69
03/02/2018,12:45:00,0,26.9,73
03/02/2018,13:00:00,0,26.9,75
03/02/2018,13:15:00,0,26.9,74
03/02/2018,13:30:00,0,26.9,74
03/02/2018,13:45:00,0,26.9,72
03/02/2018,14:00:00,0,27.6,70
03/02/2018,14:15:00,0,26.9,70
03/02/2018,14:30:00,0,28.1,69
03/02/2018,14:45:00,0,27.1,70
03/02/2018,15:00:00,0,26.9,72
03/02/2018,15:15:00,0,26.9,72
03/02/2018,15:30:00,0,26.9,72
03/02/2018,15:45:00,0,26.7,74
03/02/2018,16:00:00,0,26.7,73
03/02/2018,16:15:00,0,26.4,77
03/02/2018,16:30:00,0,26.4,75
03/02/2018,16:45:00,0,26.2,76
03/02/2018,17:00:00,0,26.2,75
03/02/2018,17:15:00,0,26.2,75
03/02/2018,17:30:00,0,25.9,76
03/02/2018,17:45:00,0,25.9,75
03/02/2018,18:00:00,0,25.9,76
03/02/2018,18:15:00,0,25.9,74
03/02/2018,18:30:00,0,25.7,75
03/02/2018,18:45:00,0,25.7,75
03/02/2018,19:00:00,0,25.9,75
03/02/2018,19:15:00,0,25.9,74
03/02/2018,19:30:00,0,25.9,74
03/02/2018,19:45:00,0,25.7,73
03/02/2018,20:00:00,0,25.7,73
03/02/2018,20:15:00,0,25.7,73
03/02/2018,20:30:00,0,25.7,73
03/02/2018,20:45:00,0,25.7,73
03/02/2018,21:00:00,0,25.7,73
03/02/2018,21:15:00,0,25.7,71
03/02/2018,21:30:00,0,25.7,71
03/02/2018,21:45:00,0,25.7,71
03/02/2018,22:00:00,0,25.7,71
03/02/2018,22:15:00,0,25.7,71
03/02/2018,22:30:00,0,25.7,71
03/02/2018,22:45:00,0,25.4,71
03/02/2018,23:00:00,0,25.7,70
03/02/2018,23:15:00,0,25.4,71
03/02/2018,23:30:00,0,25.4,70
03/02/2018,23:45:00,0,25.4,70
04/02/2018,00:00:00,0,25.7,69
04/02/2018,00:15:00,0,25.4,71
04/02/2018,00:30:00,0,25.4,72
04/02/2018,00:45:00,0,25.4,71
04/02/2018,01:00:00,0,25.4,71
04/02/2018,01:15:00,0,25.2,71
04/02/2018,01:30:00,0,25.2,70
04/02/2018,01:45:00,0,24.9,72
04/02/2018,02:00:00,0,24.5,73
04/02/2018,02:15:00,0,24.5,73
04/02/2018,02:30:00,0,24.2,73
04/02/2018,02:45:00,0,23.7,75
04/02/2018,03:00:00,0,24,75
04/02/2018,04:15:00,0,23.7,75
04/02/2018,04:30:00,0,23.7,74
04/02/2018,04:45:00,0,24,73
04/02/2018,05:00:00,0,23.7,72
04/02/2018,05:15:00,0,23.2,74
04/02/2018,05:30:00,0,23,75
04/02/2018,05:45:00,0,22.7,76
04/02/2018,06:00:00,0,22.3,79
04/02/2018,06:15:00,0,22.3,79
04/02/2018,06:30:00,0,22,79
04/02/2018,06:45:00,0,22,80
04/02/2018,07:00:00,0,21.8,82
04/02/2018,07:15:00,0,21.5,83
04/02/2018,07:30:00,0,21.8,82
04/02/2018,07:45:00,0,22,82
04/02/2018,08:00:00,0,22.7,81
04/02/2018,08:15:00,0,23.7,79
04/02/2018,08:30:00,0,24.5,77
04/02/2018,08:45:00,0,24.9,72
04/02/2018,09:00:00,0,25.2,64
04/02/2018,09:15:00,0,25.9,63
04/02/2018,09:30:00,0,27.1,59
04/02/2018,09:45:00,0,26.4,59
04/02/2018,10:00:00,0,27.1,59
04/02/2018,10:15:00,0,26.4,60
04/02/2018,10:30:00,0,26.7,60
04/02/2018,10:45:00,0,26.4,62
04/02/2018,11:00:00,0,27.4,58
04/02/2018,11:15:00,0,27.4,59
04/02/2018,11:30:00,0,27.9,58
04/02/2018,11:45:00,0,27.4,60
04/02/2018,12:00:00,0,28.1,57
04/02/2018,12:15:00,0,27.9,58
04/02/2018,12:30:00,0,27.6,58
04/02/2018,12:45:00,0,27.9,58
04/02/2018,13:00:00,0,27.4,57
04/02/2018,13:15:00,0,27.6,57
04/02/2018,13:30:00,0,27.6,57
04/02/2018,13:45:00,0,27.1,60
04/02/2018,14:00:00,0,27.4,60
04/02/2018,14:15:00,0,27.6,59
04/02/2018,14:30:00,0,27.6,58
04/02/2018,14:45:00,0,27.4,60
04/02/2018,15:00:00,0,26.9,60
04/02/2018,15:15:00,0,27.4,62
04/02/2018,15:30:00,0,26.9,62
04/02/2018,15:45:00,0,27.6,62
04/02/2018,16:00:00,0,26.7,65
04/02/2018,16:15:00,0,26.9,64
04/02/2018,16:30:00,0,27.4,64
04/02/2018,16:45:00,0,27.1,65
04/02/2018,17:00:00,0,26.9,65
04/02/2018,17:15:00,0,26.7,68
04/02/2018,17:30:00,0,26.7,66
04/02/2018,17:45:00,0,26.7,66
04/02/2018,18:00:00,0,26.7,66
04/02/2018,18:15:00,0,26.4,66
04/02/2018,18:30:00,0,26.2,68
04/02/2018,18:45:00,0,26.2,68
04/02/2018,19:00:00,0,25.9,69
04/02/2018,19:15:00,0,25.7,69
04/02/2018,19:30:00,0,25.9,69
04/02/2018,19:45:00,0,25.9,69
04/02/2018,20:00:00,0,25.9,69
04/02/2018,20:15:00,0,25.4,72
04/02/2018,20:30:00,0,24.9,74
04/02/2018,20:45:00,0,24.9,76
04/02/2018,21:00:00,0,24.5,75
04/02/2018,21:15:00,0,24.7,76
04/02/2018,21:30:00,0,24.7,74
04/02/2018,21:45:00,0,24.5,77
04/02/2018,22:00:00,0,24.2,78
04/02/2018,22:15:00,0,24.2,78
04/02/2018,22:30:00,0,24.2,78
04/02/2018,22:45:00,0,23.7,81
04/02/2018,23:00:00,0,24,80
04/02/2018,23:15:00,0,23.7,80
04/02/2018,23:30:00,0,23.5,81
04/02/2018,23:45:00,0,23.2,82
05/02/2018,00:00:00,0,23.2,82
05/02/2018,00:15:00,0,23.2,82
05/02/2018,00:30:00,0,23.5,82
05/02/2018,00:45:00,0,23,81
05/02/2018,01:00:00,0,23.5,80
05/02/2018,01:15:00,0,23.2,78
05/02/2018,01:30:00,0,23,80
05/02/2018,01:45:00,0,23,79
05/02/2018,02:00:00,0,23.2,78
05/02/2018,02:15:00,0,23.2,80
05/02/2018,02:30:00,0,23,80
05/02/2018,02:45:00,0,22.7,80
05/02/2018,03:00:00,0,22.7,81
05/02/2018,04:15:00,0,21.8,86
05/02/2018,04:30:00,0,21.8,87
05/02/2018,04:45:00,0.2,21.8,89
05/02/2018,05:00:00,0.2,22,91
05/02/2018,05:15:00,0.2,21.8,89
05/02/2018,05:30:00,0.2,21.5,90
05/02/2018,05:45:00,0,21.3,91
05/02/2018,06:00:00,0.2,21,93
05/02/2018,06:15:00,0,21,93
05/02/2018,06:30:00,0,21.3,93
05/02/2018,06:45:00,0,21,93
05/02/2018,07:00:00,0,21.3,93
05/02/2018,07:15:00,0,21.3,94
05/02/2018,07:30:00,0,21.3,94
05/02/2018,07:45:00,0,21.5,94
05/02/2018,08:00:00,0,21.5,93
05/02/2018,08:15:00,0,21.8,94
05/02/2018,08:30:00,0,22,93
05/02/2018,08:45:00,0,22.5,91
05/02/2018,09:00:00,0,23,88
05/02/2018,09:15:00,0,23.5,86
05/02/2018,09:30:00,0,23.5,83
05/02/2018,09:45:00,0,24.5,80
05/02/2018,10:00:00,0,24.2,79
05/02/2018,10:15:00,0,24.2,79
05/02/2018,10:30:00,0.2,23.7,82
05/02/2018,10:45:00,0.2,23.2,83
05/02/2018,11:00:00,0,23,78
05/02/2018,11:15:00,0,22.7,78
05/02/2018,11:30:00,0,23,80
05/02/2018,11:45:00,0,22.7,81
05/02/2018,12:00:00,0,22.7,79
05/02/2018,12:15:00,0,22.5,77
05/02/2018,12:30:00,0,22.5,75
05/02/2018,12:45:00,0,22.5,76
05/02/2018,13:00:00,0,22.7,80
05/02/2018,13:15:00,0.2,22.3,79
05/02/2018,13:30:00,0.2,22.5,83
05/02/2018,13:45:00,0.2,22.3,84
05/02/2018,14:00:00,0.4,22.3,86
05/02/2018,14:15:00,0.6,22,87
05/02/2018,14:30:00,0.2,22.3,88
05/02/2018,14:45:00,0.4,22,89
05/02/2018,15:00:00,0.4,22,90
05/02/2018,15:15:00,0.4,22,90
05/02/2018,15:30:00,0.4,22.3,90
05/02/2018,15:45:00,0.8,22,91
05/02/2018,16:00:00,1,22.3,91
05/02/2018,16:15:00,0.6,22,91
05/02/2018,16:30:00,0.2,21.8,92
05/02/2018,16:45:00,0.2,21.5,92
05/02/2018,17:00:00,0.2,21.8,92
05/02/2018,17:15:00,0,22,92
05/02/2018,17:30:00,0,22,92
05/02/2018,17:45:00,0,22,92
05/02/2018,18:00:00,0.2,21.8,92
05/02/2018,18:15:00,0.2,22,93
05/02/2018,18:30:00,0.2,22,92
05/02/2018,18:45:00,0,22,92
05/02/2018,19:00:00,0,21.8,92
05/02/2018,19:15:00,0,22,93
05/02/2018,19:30:00,0.2,22,94
05/02/2018,19:45:00,0.2,21.8,94
05/02/2018,20:00:00,0.2,22,94
05/02/2018,20:15:00,0,21.8,95
05/02/2018,20:30:00,0,21.8,95
05/02/2018,20:45:00,0.2,21.8,95
05/02/2018,21:00:00,0,21.5,96
05/02/2018,21:15:00,0.2,21.5,96
05/02/2018,21:30:00,0,21,96
05/02/2018,21:45:00,0,21.3,96
05/02/2018,22:00:00,0,21,96
05/02/2018,22:15:00,0,21,96
05/02/2018,22:30:00,0,21.3,96
05/02/2018,22:45:00,0,21.3,95
05/02/2018,23:00:00,0,21.3,95
05/02/2018,23:15:00,0,21.3,95
05/02/2018,23:30:00,0,21.3,95
05/02/2018,23:45:00,0,21.3,95
06/02/2018,00:00:00,0,21,96
06/02/2018,00:15:00,0,21,96
06/02/2018,00:30:00,0,21,96
06/02/2018,00:45:00,0,21,96
06/02/2018,01:00:00,0,21,96
06/02/2018,01:15:00,0,21,96
06/02/2018,01:30:00,0.2,21,96
06/02/2018,01:45:00,0,20.8,96
06/02/2018,02:00:00,0,21,96
06/02/2018,02:15:00,0,21,96
06/02/2018,02:30:00,0,21,96
06/02/2018,02:45:00,0.2,20.8,96
06/02/2018,03:00:00,0,20.8,97
06/02/2018,04:15:00,0.2,21,97
06/02/2018,04:30:00,0,21,97
06/02/2018,04:45:00,0,20.8,97
06/02/2018,05:00:00,0,20.8,97
06/02/2018,05:15:00,0,21,97
06/02/2018,05:30:00,0,20.8,97
06/02/2018,05:45:00,0,20.8,97
06/02/2018,06:00:00,0,20.8,96
06/02/2018,06:15:00,0,20.8,96
06/02/2018,06:30:00,0,20.8,96
06/02/2018,06:45:00,0,21,96
06/02/2018,07:00:00,0,20.8,96
06/02/2018,07:15:00,0,21,97
06/02/2018,07:30:00,0,21,97
06/02/2018,07:45:00,0.2,21,97
06/02/2018,08:00:00,0,21,97
06/02/2018,08:15:00,0,21.3,97
06/02/2018,08:30:00,0,21.5,97
06/02/2018,08:45:00,0,21.5,96
06/02/2018,09:00:00,0.2,21.8,96
06/02/2018,09:15:00,0,22.3,96
06/02/2018,09:30:00,0,22.5,94
06/02/2018,09:45:00,0,23.5,92
06/02/2018,10:00:00,0,23.7,89
06/02/2018,10:15:00,0,24.5,87
06/02/2018,10:30:00,0,25.2,79
06/02/2018,10:45:00,0,25.4,78
06/02/2018,11:00:00,0,26.7,74
06/02/2018,11:15:00,0,25.7,74
06/02/2018,11:30:00,0,26.2,73
06/02/2018,11:45:00,0,26.2,73
06/02/2018,12:00:00,0,25.9,71
06/02/2018,12:15:00,0,26.4,72
06/02/2018,12:30:00,0,26.4,73
06/02/2018,12:45:00,0,27.1,69
06/02/2018,13:00:00,0,27.1,66
06/02/2018,13:15:00,0,27.1,67
06/02/2018,13:30:00,0,28.1,65
06/02/2018,13:45:00,0,27.9,100
06/02/2018,14:00:00,0,27.6,67
06/02/2018,14:15:00,0,27.1,67
06/02/2018,14:30:00,0,28.4,66
06/02/2018,14:45:00,0,29.3,63
06/02/2018,15:00:00,0,28.1,66
06/02/2018,15:15:00,0,26.7,71
06/02/2018,15:30:00,0,27.6,69
06/02/2018,15:45:00,0,27.4,69
06/02/2018,16:00:00,0,26.7,68
06/02/2018,16:15:00,0,26.4,71
06/02/2018,16:30:00,0,26.2,73
06/02/2018,16:45:00,0,26.2,74
06/02/2018,17:00:00,0,25.7,75
06/02/2018,17:15:00,0,25.7,76
06/02/2018,17:30:00,0,25.4,76
06/02/2018,17:45:00,0,25.7,75
06/02/2018,18:00:00,0,25.9,76
06/02/2018,18:15:00,0,25.7,76
06/02/2018,18:30:00,0,25.7,76
06/02/2018,18:45:00,0,25.7,76
06/02/2018,19:00:00,0,25.7,76
06/02/2018,19:15:00,0,25.7,76
06/02/2018,19:30:00,0,25.4,76
06/02/2018,19:45:00,0,25.4,76
06/02/2018,20:00:00,0,25.4,78
06/02/2018,20:15:00,0,24.7,81
06/02/2018,20:30:00,0,24,84
06/02/2018,20:45:00,0,24.2,86
06/02/2018,21:00:00,0,24,86
06/02/2018,21:15:00,0,23.7,88
06/02/2018,21:30:00,0,23.5,89
06/02/2018,21:45:00,0,23.2,91
06/02/2018,22:00:00,0,23,92
06/02/2018,22:15:00,0,23,93
06/02/2018,22:30:00,0.2,23.2,94
06/02/2018,22:45:00,0.2,22.5,94
06/02/2018,23:00:00,0.2,22.7,94
06/02/2018,23:15:00,0.2,22.3,94
06/02/2018,23:30:00,0.2,22.7,95
06/02/2018,23:45:00,0.2,22.3,95
07/02/2018,00:00:00,0,22.3,96
07/02/2018,00:15:00,0.2,22.3,96
07/02/2018,00:30:00,0.2,22.5,96
07/02/2018,00:45:00,0.2,22.5,96
07/02/2018,01:00:00,0,22.3,96
07/02/2018,01:15:00,0.2,22.3,96
07/02/2018,01:30:00,0,22,96
07/02/2018,01:45:00,0,22,97
07/02/2018,02:00:00,0.2,21.8,97
07/02/2018,02:15:00,0,21.8,97
07/02/2018,02:30:00,0.2,21.8,97
07/02/2018,02:45:00,0,21.5,97
07/02/2018,03:00:00,0,21.8,97
07/02/2018,04:15:00,0,22,97
07/02/2018,04:30:00,0,21.8,96
07/02/2018,04:45:00,0,21.8,97
07/02/2018,05:00:00,0,21.5,97
07/02/2018,05:15:00,0,21.8,97
07/02/2018,05:30:00,0,22,97
07/02/2018,05:45:00,0,21.8,97
07/02/2018,06:00:00,0,21.5,97
07/02/2018,06:15:00,0,22,97
07/02/2018,06:30:00,0,21.8,97
07/02/2018,06:45:00,0,22,97
07/02/2018,07:00:00,0,22,97
07/02/2018,07:15:00,0,22.3,97
07/02/2018,07:30:00,0,22.3,97
07/02/2018,07:45:00,0,22.5,97
07/02/2018,08:00:00,0,22.5,97
07/02/2018,08:15:00,0,22.7,97
07/02/2018,08:30:00,0,23,97
07/02/2018,08:45:00,0,24.2,96
07/02/2018,09:00:00,0,24.2,92
07/02/2018,09:15:00,0,25.4,86
07/02/2018,09:30:00,0,26.4,77
07/02/2018,09:45:00,0,26.7,76
07/02/2018,10:00:00,0,27.1,76
07/02/2018,10:15:00,0,26.7,78
07/02/2018,10:30:00,0,26.7,76
07/02/2018,10:45:00,0,27.1,76
07/02/2018,11:00:00,0,27.4,74
07/02/2018,11:15:00,0,27.1,74
07/02/2018,11:30:00,0,26.4,76
07/02/2018,11:45:00,0,26.9,75
07/02/2018,12:00:00,0,26.4,78
07/02/2018,12:15:00,0,26.7,77
07/02/2018,12:30:00,0,26.2,79
07/02/2018,12:45:00,0,26.4,81
07/02/2018,13:00:00,0,27.6,73
07/02/2018,13:15:00,0,27.9,71
07/02/2018,13:30:00,0,28.1,72
07/02/2018,13:45:00,0,27.9,72
07/02/2018,14:00:00,0,27.6,76
07/02/2018,14:15:00,0,26.2,80
07/02/2018,14:30:00,0,26.9,76
07/02/2018,14:45:00,0,27.6,73
07/02/2018,15:00:00,0,27.4,73
07/02/2018,15:15:00,0,26.7,77
07/02/2018,15:30:00,0,27.1,72
07/02/2018,15:45:00,0,28.1,72
07/02/2018,16:00:00,0,26.9,76
07/02/2018,16:15:00,0,26.4,76
07/02/2018,16:30:00,0,26.7,77
07/02/2018,16:45:00,0,26.4,78
07/02/2018,17:00:00,0,26.4,76
07/02/2018,17:15:00,0,27.1,70
07/02/2018,17:30:00,0,26.7,73
07/02/2018,17:45:00,0,26.4,75
07/02/2018,18:00:00,0,27.4,72
07/02/2018,18:15:00,0,27.4,73
07/02/2018,18:30:00,0,26.4,76
07/02/2018,18:45:00,0,26.4,77
07/02/2018,19:00:00,0,26.4,78
07/02/2018,19:15:00,0,26.2,77
07/02/2018,19:30:00,0,26.2,79
07/02/2018,19:45:00,0,25.9,79
07/02/2018,20:00:00,0,25.9,80
07/02/2018,20:15:00,0,25.7,80
07/02/2018,20:30:00,0,25.2,83
07/02/2018,20:45:00,0,25.2,84
07/02/2018,21:00:00,0,25.2,84
07/02/2018,21:15:00,0,24.7,85
07/02/2018,21:30:00,0,25.4,84
07/02/2018,21:45:00,0,25.4,84
07/02/2018,22:00:00,0,25.2,84
07/02/2018,22:15:00,0,24.9,86
07/02/2018,22:30:00,0,24.9,86
07/02/2018,22:45:00,0,24.5,86
07/02/2018,23:00:00,0,24.9,83
07/02/2018,23:15:00,0,24.5,84
07/02/2018,23:30:00,0,23.7,87
07/02/2018,23:45:00,0,23.7,89
08/02/2018,00:00:00,0,24,87
08/02/2018,00:15:00,0,23.2,88
08/02/2018,00:30:00,0,23.2,88
08/02/2018,00:45:00,0,23.2,89
08/02/2018,01:00:00,0,23,89
08/02/2018,01:15:00,0,22.7,90
08/02/2018,01:30:00,0,22.7,90
08/02/2018,01:45:00,0,22.5,91
08/02/2018,02:00:00,0,22.5,92
08/02/2018,02:15:00,0,22.7,92
08/02/2018,02:30:00,0,22.5,92
08/02/2018,02:45:00,0,22.3,93
08/02/2018,03:00:00,0,22.3,94
08/02/2018,04:15:00,0,22.5,94
08/02/2018,04:30:00,0,22,94
08/02/2018,04:45:00,0,22.3,94
08/02/2018,05:00:00,0,22,94
08/02/2018,05:15:00,0,22,94
08/02/2018,05:30:00,0,22,95
08/02/2018,05:45:00,0,22,94
08/02/2018,06:00:00,0,21.8,94
08/02/2018,06:15:00,0,21.8,94
08/02/2018,06:30:00,0,22,95
08/02/2018,06:45:00,0,21.8,94
08/02/2018,07:00:00,0,22,94
08/02/2018,07:15:00,0,23,93
08/02/2018,07:30:00,0,23.2,92
08/02/2018,07:45:00,0,23.5,90
08/02/2018,08:00:00,0,24.7,86
08/02/2018,08:15:00,0,25.9,79
08/02/2018,08:30:00,0,26.9,78
08/02/2018,08:45:00,0,27.6,74
08/02/2018,09:00:00,0,28.1,69
08/02/2018,09:15:00,0,27.6,68
08/02/2018,09:30:00,0,26.9,72
08/02/2018,09:45:00,0,28.4,67
08/02/2018,10:00:00,0,28.4,65
08/02/2018,10:15:00,0,28.1,70
08/02/2018,10:30:00,0,28.8,67
08/02/2018,10:45:00,0,28.4,70
08/02/2018,11:00:00,0,28.6,71
08/02/2018,11:15:00,0,28.4,70
08/02/2018,11:30:00,0,28.4,69
08/02/2018,11:45:00,0,27.6,73
08/02/2018,12:00:00,0,27.6,76
08/02/2018,12:15:00,0,27.4,77
08/02/2018,12:30:00,0,27.4,77
08/02/2018,12:45:00,0,27.4,75
08/02/2018,13:00:00,0,27.6,75
08/02/2018,13:15:00,0,28.1,73
08/02/2018,13:30:00,0,27.9,73
08/02/2018,13:45:00,0,28.1,73
08/02/2018,14:00:00,0,27.6,74
08/02/2018,14:15:00,0,28.4,72
08/02/2018,14:30:00,0,28.1,73
08/02/2018,14:45:00,0,27.6,75
08/02/2018,15:00:00,0,27.6,74
08/02/2018,15:15:00,0,27.9,74
08/02/2018,15:30:00,0,29.1,71
08/02/2018,15:45:00,0,28.1,74
08/02/2018,16:00:00,0,27.9,74
08/02/2018,16:15:00,0,27.6,74
08/02/2018,16:30:00,0,28.8,71
08/02/2018,16:45:00,0,27.9,71
08/02/2018,17:00:00,0,27.6,71
08/02/2018,17:15:00,0,27.9,70
08/02/2018,17:30:00,0,27.9,72
08/02/2018,17:45:00,0,28.1,70
08/02/2018,18:00:00,0,27.9,72
08/02/2018,18:15:00,0,27.6,72
08/02/2018,18:30:00,0,27.1,75
08/02/2018,18:45:00,0,26.9,75
08/02/2018,19:00:00,0,26.9,78
08/02/2018,19:15:00,0,26.9,78
08/02/2018,19:30:00,0,26.9,77
08/02/2018,19:45:00,0,26.7,79
08/02/2018,20:00:00,0,26.2,81
08/02/2018,20:15:00,0,26.2,83
08/02/2018,20:30:00,0,26.2,83
08/02/2018,20:45:00,0,26.2,83
08/02/2018,21:00:00,0,25.9,83
08/02/2018,21:15:00,0,25.4,86
08/02/2018,21:30:00,0,25.4,86
08/02/2018,21:45:00,0,25.2,87
08/02/2018,22:00:00,0,25.4,87
08/02/2018,22:15:00,0,25.4,87
08/02/2018,22:30:00,0,25.2,87
08/02/2018,22:45:00,0,24.7,88
08/02/2018,23:00:00,0,24.9,87
08/02/2018,23:15:00,0,24.7,87
08/02/2018,23:30:00,0,24,89
08/02/2018,23:45:00,0,24,90
09/02/2018,00:00:00,0,24,91
09/02/2018,00:15:00,0,24,91
09/02/2018,00:30:00,0,24.2,91
09/02/2018,00:45:00,0,24.2,90
09/02/2018,01:00:00,0,24.5,89
09/02/2018,01:15:00,0,24.5,88
09/02/2018,01:30:00,0,23.7,89
09/02/2018,01:45:00,0,23.7,91
09/02/2018,02:00:00,0,23.2,91
09/02/2018,02:15:00,0,23.5,90
09/02/2018,02:30:00,0,23.2,91
09/02/2018,02:45:00,0,23.2,92
09/02/2018,03:00:00,0,23,92
09/02/2018,04:15:00,0,22.7,94
09/02/2018,04:30:00,0,22.5,94
09/02/2018,04:45:00,0,22.5,95
09/02/2018,05:00:00,0,22.5,95
09/02/2018,05:15:00,0,22.3,95
09/02/2018,05:30:00,0,22.5,95
09/02/2018,05:45:00,0,22.5,94
09/02/2018,06:00:00,0,22.5,95
09/02/2018,06:15:00,0,22.5,95
09/02/2018,06:30:00,0,22,94
09/02/2018,06:45:00,0,22.5,94
09/02/2018,07:00:00,0,22.5,94
09/02/2018,07:15:00,0,23.2,93
09/02/2018,07:30:00,0,24,91
09/02/2018,07:45:00,0,25.2,87
09/02/2018,08:00:00,0,25.4,84
09/02/2018,08:15:00,0,26.4,81
09/02/2018,08:30:00,0,26.7,79
09/02/2018,08:45:00,0,27.4,78
09/02/2018,09:00:00,0,27.1,79
09/02/2018,09:15:00,0,27.4,77
09/02/2018,09:30:00,0,27.4,76
09/02/2018,09:45:00,0,27.9,76
09/02/2018,10:00:00,0,28.1,73
09/02/2018,10:15:00,0,29.3,68
09/02/2018,10:30:00,0,29.6,66
09/02/2018,10:45:00,0,29.6,67
09/02/2018,11:00:00,0,30.6,64
09/02/2018,11:15:00,0,30.8,61
09/02/2018,11:30:00,0,30.3,66
09/02/2018,11:45:00,0,30.3,65
09/02/2018,12:00:00,0,30.1,65
09/02/2018,12:15:00,0,29.8,66
09/02/2018,12:30:00,0,30.6,65
09/02/2018,12:45:00,0,29.1,71
09/02/2018,13:00:00,0,29.8,70
09/02/2018,13:15:00,0,30.3,69
09/02/2018,13:30:00,0,29.8,70
09/02/2018,13:45:00,0,29.3,72
09/02/2018,14:00:00,0,30.1,70
09/02/2018,14:15:00,0,30.3,69
09/02/2018,14:30:00,0,30.1,70
09/02/2018,14:45:00,0,30.1,69
09/02/2018,15:00:00,0,30.6,68
09/02/2018,15:15:00,0,30.3,66
09/02/2018,15:30:00,0,30.3,64
09/02/2018,15:45:00,0,30.3,69
09/02/2018,16:00:00,0,29.8,71
09/02/2018,16:15:00,0,30.3,71
09/02/2018,16:30:00,0,29.8,73
09/02/2018,16:45:00,0,29.6,77
09/02/2018,17:00:00,0,28.6,80
09/02/2018,17:15:00,0,29.1,78
09/02/2018,17:30:00,0,29.1,79
09/02/2018,17:45:00,0,28.4,82
09/02/2018,18:00:00,0,28.6,81
09/02/2018,18:15:00,0,28.6,81
09/02/2018,18:30:00,0,28.1,83
09/02/2018,18:45:00,0,27.9,85
09/02/2018,19:00:00,0,27.6,86
09/02/2018,19:15:00,0,27.9,85
09/02/2018,19:30:00,0,27.9,85
09/02/2018,19:45:00,0,27.9,85
09/02/2018,20:00:00,0,27.6,85
09/02/2018,20:15:00,0,27.4,87
09/02/2018,20:30:00,0,27.1,88
09/02/2018,20:45:00,0,26.9,89
09/02/2018,21:00:00,0,26.7,89
09/02/2018,21:15:00,0,26.7,89
09/02/2018,21:30:00,0,26.4,89
09/02/2018,21:45:00,0,26.4,90
09/02/2018,22:00:00,0,26.4,88
09/02/2018,22:15:00,0,26.4,89
09/02/2018,22:30:00,0,26.2,87
09/02/2018,22:45:00,0,26.4,86
09/02/2018,23:00:00,0,26.2,88
09/02/2018,23:15:00,0,26.4,87
09/02/2018,23:30:00,0,26.2,86
09/02/2018,23:45:00,0,25.7,88
10/02/2018,00:00:00,0,26.2,87
10/02/2018,00:15:00,0,26.4,86
10/02/2018,00:30:00,0,25.9,88
10/02/2018,00:45:00,0,25.7,89
10/02/2018,01:00:00,0,25.2,89
10/02/2018,01:15:00,0,25.4,90
10/02/2018,01:30:00,0,25.4,89
10/02/2018,01:45:00,0,25.2,91
10/02/2018,02:00:00,0,25.2,90
10/02/2018,02:15:00,0,24.9,91
10/02/2018,02:30:00,0,24.9,92
10/02/2018,02:45:00,0,24.7,92
10/02/2018,03:00:00,0,25.4,88
10/02/2018,04:15:00,0,24.7,91
10/02/2018,04:30:00,0,24.9,90
10/02/2018,04:45:00,0,24.7,90
10/02/2018,05:00:00,0,24.9,91
10/02/2018,05:15:00,0,24.9,89
10/02/2018,05:30:00,0,24.7,90
10/02/2018,05:45:00,0,24.5,91
10/02/2018,06:00:00,0,24.2,92
10/02/2018,06:15:00,0,24.5,91
10/02/2018,06:30:00,0,24.5,91
10/02/2018,06:45:00,0,24.5,91
10/02/2018,07:00:00,0,24.5,91
10/02/2018,07:15:00,0,24.9,92
10/02/2018,07:30:00,0,26.4,88
10/02/2018,07:45:00,0,26.7,84
10/02/2018,08:00:00,0,28.8,77
10/02/2018,08:15:00,0,28.6,79
10/02/2018,08:30:00,0,28.6,79
10/02/2018,08:45:00,0,28.6,79
10/02/2018,09:00:00,0,28.6,79
10/02/2018,09:15:00,0,29.1,77
10/02/2018,09:30:00,0,28.8,77
10/02/2018,09:45:00,0,30.1,74
10/02/2018,10:00:00,0,30.3,71
10/02/2018,10:15:00,0,30.3,70
10/02/2018,10:30:00,0,31.5,67
10/02/2018,10:45:00,0,31.8,65
10/02/2018,11:00:00,0,32,65
10/02/2018,11:15:00,0,31.8,66
10/02/2018,11:30:00,0,32.8,63
10/02/2018,11:45:00,0,33.5,58
10/02/2018,12:00:00,0,33.5,53
10/02/2018,12:15:00,0,32.8,61
10/02/2018,12:30:00,0,33.2,59
10/02/2018,12:45:00,0,33,63
10/02/2018,13:00:00,0,32,65
10/02/2018,13:15:00,0,32.3,63
10/02/2018,13:30:00,0,31.8,66
10/02/2018,13:45:00,0,32.3,64
10/02/2018,14:00:00,0,31.8,64
10/02/2018,14:15:00,0,32.3,63
10/02/2018,14:30:00,0,32,63
10/02/2018,14:45:00,0,32,64
10/02/2018,15:00:00,0,32.3,63
10/02/2018,15:15:00,0,32.5,59
10/02/2018,15:30:00,0,32.8,60
10/02/2018,15:45:00,0,32.5,62
10/02/2018,16:00:00,0,32,63
10/02/2018,16:15:00,0,32,66
10/02/2018,16:30:00,0,31.8,67
10/02/2018,16:45:00,0,32,67
10/02/2018,17:00:00,0,31.3,67
10/02/2018,17:15:00,0,31.5,68
10/02/2018,17:30:00,0,31.5,67
10/02/2018,17:45:00,0,30.8,68
10/02/2018,18:00:00,0,31.3,64
10/02/2018,18:15:00,0,31,69
10/02/2018,18:30:00,0,31,71
10/02/2018,18:45:00,0,30.8,70
10/02/2018,19:00:00,0,30.3,72
10/02/2018,19:15:00,0,30.3,72
10/02/2018,19:30:00,0,30.1,73
10/02/2018,19:45:00,0,30.3,72
10/02/2018,20:00:00,0,30.1,73
10/02/2018,20:15:00,0,29.1,76
10/02/2018,20:30:00,0,28.8,79
10/02/2018,20:45:00,0,28.8,79
10/02/2018,21:00:00,0,29.1,77
10/02/2018,21:15:00,0,29.1,79
10/02/2018,21:30:00,0,28.4,82
10/02/2018,21:45:00,0,28.1,83
10/02/2018,22:00:00,0,28.4,80
10/02/2018,22:15:00,0,30.1,68
10/02/2018,22:30:00,0,30.3,65
10/02/2018,22:45:00,0,30.1,67
10/02/2018,23:00:00,0,29.8,70
10/02/2018,23:15:00,0,29.6,72
10/02/2018,23:30:00,0,29.6,75
10/02/2018,23:45:00,0,29.6,76
11/02/2018,00:00:00,0,29.3,69
11/02/2018,00:15:00,0,29.3,70
11/02/2018,00:30:00,0,28.8,76
11/02/2018,00:45:00,0,28.4,75
11/02/2018,01:00:00,0,28.1,73
11/02/2018,01:15:00,0,27.6,75
11/02/2018,01:30:00,0,27.6,75
11/02/2018,01:45:00,0,27.9,75
11/02/2018,02:00:00,0,27.1,78
11/02/2018,02:15:00,0,27.4,78
11/02/2018,02:30:00,0,26.4,82
11/02/2018,02:45:00,0,26.4,83
11/02/2018,03:00:00,0,27.1,79
11/02/2018,04:15:00,0,26.2,83
11/02/2018,04:30:00,0,25.9,84
11/02/2018,04:45:00,0,25.4,86
11/02/2018,05:00:00,0,25.2,87
11/02/2018,05:15:00,0,25.2,86
11/02/2018,05:30:00,0,25.4,84
11/02/2018,05:45:00,0,25.2,81
11/02/2018,06:00:00,0,24.9,83
11/02/2018,06:15:00,0,24.7,84
11/02/2018,06:30:00,0,25.2,81
11/02/2018,06:45:00,0,24.7,83
11/02/2018,07:00:00,0,25.2,83
11/02/2018,07:15:00,0,24.9,82
11/02/2018,07:30:00,0,25.4,81
11/02/2018,07:45:00,0,26.2,79
11/02/2018,08:00:00,0,28.4,73
11/02/2018,08:15:00,0,28.1,68
11/02/2018,08:30:00,0,28.4,67
11/02/2018,08:45:00,0,29.1,66
11/02/2018,09:00:00,0,29.6,66
11/02/2018,09:15:00,0,30.8,60
11/02/2018,09:30:00,0,31,59
11/02/2018,09:45:00,0,31,61
11/02/2018,10:00:00,0,31.3,60
11/02/2018,10:15:00,0,31.3,60
11/02/2018,10:30:00,0,30.8,62
11/02/2018,10:45:00,0,31.8,58
11/02/2018,11:00:00,0,31.8,57
11/02/2018,11:15:00,0,31.3,62
11/02/2018,11:30:00,0,30.6,66
11/02/2018,11:45:00,0,30.8,64
11/02/2018,12:00:00,0,31.8,63
11/02/2018,12:15:00,0,31.3,62
11/02/2018,12:30:00,0,31.3,63
11/02/2018,12:45:00,0,30.8,63
11/02/2018,13:00:00,0,31.3,63
11/02/2018,13:15:00,0,31,64
11/02/2018,13:30:00,0,31.3,63
11/02/2018,13:45:00,0,31,64
11/02/2018,14:00:00,0,31.3,64
11/02/2018,14:15:00,0,31.8,63
11/02/2018,14:30:00,0,31.8,62
11/02/2018,14:45:00,0,32,61
11/02/2018,15:00:00,0,31.5,62
11/02/2018,15:15:00,0,31.8,61
11/02/2018,15:30:00,0,31.3,65
11/02/2018,15:45:00,0,31.5,63
11/02/2018,16:00:00,0,30.8,63
11/02/2018,16:15:00,0,31.5,62
11/02/2018,16:30:00,0,31.3,63
11/02/2018,16:45:00,0,31.5,64
11/02/2018,17:00:00,0,31.5,63
11/02/2018,17:15:00,0,31.3,61
11/02/2018,17:30:00,0,31.3,62
11/02/2018,17:45:00,0,31.5,61
11/02/2018,18:00:00,0,32,60
11/02/2018,18:15:00,0,31,63
11/02/2018,18:30:00,0,31.3,64
11/02/2018,18:45:00,0,31.5,66
11/02/2018,19:00:00,0,31,66
11/02/2018,19:15:00,0,30.3,68
11/02/2018,19:30:00,0,30.1,68
11/02/2018,19:45:00,0,29.8,70
11/02/2018,20:00:00,0,28.8,74
11/02/2018,20:15:00,0,28.8,75
11/02/2018,20:30:00,0,28.4,77
11/02/2018,20:45:00,0,28.6,76
11/02/2018,21:00:00,0,28.8,76
11/02/2018,21:15:00,0,28.4,78
11/02/2018,21:30:00,0,28.4,78
11/02/2018,21:45:00,0,28.1,80
11/02/2018,22:00:00,0,28.4,80
11/02/2018,22:15:00,0,28.1,81
11/02/2018,22:30:00,0,28.4,79
11/02/2018,22:45:00,0,28.8,78
11/02/2018,23:00:00,0,28.8,76
11/02/2018,23:15:00,0,28.8,77
11/02/2018,23:30:00,0,28.8,78
11/02/2018,23:45:00,0,28.6,78
12/02/2018,00:00:00,0,28.6,78
12/02/2018,00:15:00,0,28.8,79
12/02/2018,00:30:00,0,28.1,80
12/02/2018,00:45:00,0,27.9,81
12/02/2018,01:00:00,0,28.4,81
12/02/2018,01:15:00,0,28.4,79
12/02/2018,01:30:00,0,28.1,79
12/02/2018,01:45:00,0,27.9,82
12/02/2018,02:00:00,0,27.6,81
12/02/2018,02:15:00,0,27.9,83
12/02/2018,02:30:00,0,27.4,84
12/02/2018,02:45:00,0,27.1,85
12/02/2018,03:00:00,0,27.1,85
12/02/2018,04:15:00,0,26.7,87
12/02/2018,04:30:00,0,26.7,88
12/02/2018,04:45:00,0,26.7,88
12/02/2018,05:00:00,0,26.7,89
12/02/2018,05:15:00,0,26.4,90
12/02/2018,05:30:00,0,26.7,89
12/02/2018,05:45:00,0,26.7,88
12/02/2018,06:00:00,0,26.9,88
12/02/2018,06:15:00,0,27.4,87
12/02/2018,06:30:00,0,27.1,87
12/02/2018,06:45:00,0,27.6,87
12/02/2018,07:00:00,0,27.9,86
12/02/2018,07:15:00,0,28.1,85
12/02/2018,07:30:00,0,28.6,82
12/02/2018,07:45:00,0,28.6,79
12/02/2018,08:00:00,0,28.8,79
12/02/2018,08:15:00,0,29.1,77
12/02/2018,08:30:00,0,29.8,75
12/02/2018,08:45:00,0,29.6,74
12/02/2018,09:00:00,0,30.3,73
12/02/2018,09:15:00,0,29.6,76
12/02/2018,09:30:00,0,29.8,75
12/02/2018,09:45:00,0,30.3,71
12/02/2018,10:00:00,0,30.8,69
12/02/2018,10:15:00,0,30.8,69
12/02/2018,10:30:00,0,32,65
12/02/2018,10:45:00,0,32.3,65
12/02/2018,11:00:00,0,32.5,62
12/02/2018,11:15:00,0,30.3,68
12/02/2018,11:30:00,0,31.8,63
12/02/2018,11:45:00,0,33,57
12/02/2018,12:00:00,0,32.8,58
12/02/2018,12:15:00,0,31.3,66
12/02/2018,12:30:00,0,31.8,64
12/02/2018,12:45:00,0,32,63
12/02/2018,13:00:00,0,34.2,53
12/02/2018,13:15:00,0,32.3,61
12/02/2018,13:30:00,0,33,59
12/02/2018,13:45:00,0,33.2,58
12/02/2018,14:00:00,0,33.2,56
12/02/2018,14:15:00,0,33.5,60
12/02/2018,14:30:00,0,34,57
12/02/2018,14:45:00,0,33.2,61
12/02/2018,15:00:00,0,32.8,63
12/02/2018,15:15:00,0,32.3,65
12/02/2018,15:30:00,0,32,64
12/02/2018,15:45:00,0,31.3,68
12/02/2018,16:00:00,0,31.5,67
12/02/2018,16:15:00,0,32,64
12/02/2018,16:30:00,0,32.3,62
12/02/2018,16:45:00,0,31.3,65
12/02/2018,17:00:00,0,31.5,62
12/02/2018,17:15:00,0,31.5,61
12/02/2018,17:30:00,0,32.3,60
12/02/2018,17:45:00,0,31.5,60
12/02/2018,18:00:00,0,31.5,57
12/02/2018,18:15:00,0,32.3,54
12/02/2018,18:30:00,0,32,55
12/02/2018,18:45:00,0,31.5,56
12/02/2018,19:00:00,0,31,59
12/02/2018,19:15:00,0,30.6,60
12/02/2018,19:30:00,0,30.3,60
12/02/2018,19:45:00,0,30.1,62
12/02/2018,20:00:00,0,29.6,66
12/02/2018,20:15:00,0,29.3,64
12/02/2018,20:30:00,0,29.3,68
12/02/2018,20:45:00,0,29.3,70
12/02/2018,21:00:00,0,29.1,67
12/02/2018,21:15:00,0,29.3,65
12/02/2018,21:30:00,0,29.1,64
12/02/2018,21:45:00,0,29.1,65
12/02/2018,22:00:00,0,28.8,65
12/02/2018,22:15:00,0,29.1,64
12/02/2018,22:30:00,0,29.1,64
12/02/2018,22:45:00,0,28.8,64
12/02/2018,23:00:00,0,28.6,66
12/02/2018,23:15:00,0,28.6,66
12/02/2018,23:30:00,0,28.8,66
12/02/2018,23:45:00,0,28.8,67
13/02/2018,00:00:00,0,28.8,69
13/02/2018,00:15:00,0,28.6,71
13/02/2018,00:30:00,0,28.6,72
13/02/2018,00:45:00,0,28.1,74
13/02/2018,01:00:00,0,27.9,75
13/02/2018,01:15:00,0,27.4,78
13/02/2018,01:30:00,0,27.4,77
13/02/2018,01:45:00,0,26.4,81
13/02/2018,02:00:00,0,26.4,81
13/02/2018,02:15:00,0,26.9,80
13/02/2018,02:30:00,0,26.4,81
13/02/2018,02:45:00,0,26.9,78
13/02/2018,03:00:00,0,26.4,80
13/02/2018,04:15:00,0,25.9,83
13/02/2018,04:30:00,0,25.7,84
13/02/2018,04:45:00,0,25.9,84
13/02/2018,05:00:00,0,26.4,82
13/02/2018,05:15:00,0,25.9,84
13/02/2018,05:30:00,0,25.9,86
13/02/2018,05:45:00,0,25.7,86
13/02/2018,06:00:00,0,25.9,87
13/02/2018,06:15:00,0,26.2,86
13/02/2018,06:30:00,0,26.4,84
13/02/2018,06:45:00,0,26.4,83
13/02/2018,07:00:00,0,26.2,84
13/02/2018,07:15:00,0,26.2,84
13/02/2018,07:30:00,0,26.9,82
13/02/2018,07:45:00,0,27.1,81
13/02/2018,08:00:00,0,27.4,81
13/02/2018,08:15:00,0,28.1,79
13/02/2018,08:30:00,0,28.1,79
13/02/2018,08:45:00,0,29.1,74
13/02/2018,09:00:00,0,29.8,73
13/02/2018,09:15:00,0,29.8,72
13/02/2018,09:30:00,0,29.8,72
13/02/2018,09:45:00,0,31,68
13/02/2018,10:00:00,0,29.8,74
13/02/2018,10:15:00,0,29.6,76
13/02/2018,10:30:00,0,30.6,72
13/02/2018,10:45:00,0,30.3,73
13/02/2018,11:00:00,0,30.1,74
13/02/2018,11:15:00,0,29.8,75
13/02/2018,11:30:00,0,29.6,76
13/02/2018,11:45:00,0,29.6,77
13/02/2018,12:00:00,0,29.3,79
13/02/2018,12:15:00,0,29.1,80
13/02/2018,12:30:00,0,28.1,80
13/02/2018,12:45:00,0,28.4,79
13/02/2018,13:00:00,0,27.9,77
13/02/2018,13:15:00,0,28.1,76
13/02/2018,13:30:00,0,28.6,73
13/02/2018,13:45:00,0,28.8,71
13/02/2018,14:00:00,0,28.8,70
13/02/2018,14:15:00,0,29.6,67
13/02/2018,14:30:00,0,29.6,67
13/02/2018,14:45:00,0,30.1,65
13/02/2018,15:00:00,0,30.1,66
13/02/2018,15:15:00,0,29.8,63
13/02/2018,15:30:00,0,29.6,64
13/02/2018,15:45:00,0,28.8,67
13/02/2018,16:00:00,0,28.6,67
13/02/2018,16:15:00,0,28.8,67
13/02/2018,16:30:00,0,29.3,65
13/02/2018,16:45:00,0,29.3,65
13/02/2018,17:00:00,0,29.6,65
13/02/2018,17:15:00,0,29.3,65
13/02/2018,17:30:00,0,29.3,65
13/02/2018,17:45:00,0,29.1,66
13/02/2018,18:00:00,0,29.3,63
13/02/2018,18:15:00,0,29.3,62
13/02/2018,18:30:00,0,29.1,63
13/02/2018,18:45:00,0,28.8,65
13/02/2018,19:00:00,0,28.6,66
13/02/2018,19:15:00,0,28.4,68
13/02/2018,19:30:00,0,27.9,69
13/02/2018,19:45:00,0,27.6,70
13/02/2018,20:00:00,0,27.6,71
13/02/2018,20:15:00,0,27.6,72
13/02/2018,20:30:00,0,27.4,72
13/02/2018,20:45:00,0,27.4,75
13/02/2018,21:00:00,0,27.1,79
13/02/2018,21:15:00,0,26.9,80
13/02/2018,21:30:00,0,26.9,82
13/02/2018,21:45:00,1,26.2,88
13/02/2018,22:00:00,2.2,25.7,92
13/02/2018,22:15:00,0.2,25.7,93
13/02/2018,22:30:00,0.2,25.4,94
13/02/2018,22:45:00,0.4,25.4,94
13/02/2018,23:00:00,0.2,25.7,95
13/02/2018,23:15:00,0.2,25.7,93
13/02/2018,23:30:00,0.2,25.7,93
13/02/2018,23:45:00,0.8,25.4,94
14/02/2018,00:00:00,0.2,25.4,95
14/02/2018,00:15:00,0,25.2,95
14/02/2018,00:30:00,0,24.9,95
14/02/2018,00:45:00,0,24.9,95
14/02/2018,01:00:00,0,24.9,95
14/02/2018,01:15:00,0,24.7,95
14/02/2018,01:30:00,0,24.7,95
14/02/2018,01:45:00,0,24.5,96
14/02/2018,02:00:00,0,24.9,95
14/02/2018,02:15:00,0,25.4,92
14/02/2018,02:30:00,0,25.4,90
14/02/2018,02:45:00,0,24.9,91
14/02/2018,03:00:00,0,25.2,88
14/02/2018,04:15:00,0,25.2,90
14/02/2018,04:30:00,0,24.7,91
14/02/2018,04:45:00,0,24.9,89
14/02/2018,05:00:00,0,24.7,92
14/02/2018,05:15:00,0,24.7,92
14/02/2018,05:30:00,0,24.9,92
14/02/2018,05:45:00,0,24.7,93
14/02/2018,06:00:00,0,24.5,92
14/02/2018,06:15:00,0.6,24.5,93
14/02/2018,06:30:00,4.6,24.2,94
14/02/2018,06:45:00,3,24.2,95
14/02/2018,07:00:00,0.2,24.2,96
14/02/2018,07:15:00,0.2,24,96
14/02/2018,07:30:00,0.2,24.2,97
14/02/2018,07:45:00,0.4,24,97
14/02/2018,08:00:00,0.2,24,97
14/02/2018,08:15:00,0.2,23.5,97
14/02/2018,08:30:00,0.4,23.7,97
14/02/2018,08:45:00,0.4,24,98
14/02/2018,09:00:00,0,24,97
14/02/2018,09:15:00,0,24,97
14/02/2018,09:30:00,0.2,24,95
14/02/2018,09:45:00,0,24.2,94
14/02/2018,10:00:00,0.2,24.2,94
14/02/2018,10:15:00,0,24.5,91
14/02/2018,10:30:00,0,24.9,90
14/02/2018,10:45:00,0,26.2,87
14/02/2018,11:00:00,0,26.4,83
14/02/2018,11:15:00,0,27.1,79
14/02/2018,11:30:00,0,27.4,75
14/02/2018,11:45:00,0,27.4,79
14/02/2018,12:00:00,0,27.9,75
14/02/2018,12:15:00,0,27.4,76
14/02/2018,12:30:00,0,28.1,72
14/02/2018,12:45:00,0,27.4,73
14/02/2018,13:00:00,0,28.1,70
14/02/2018,13:15:00,0,27.4,74
14/02/2018,13:30:00,0,28.1,73
14/02/2018,13:45:00,0,27.9,74
14/02/2018,14:00:00,0,27.9,74
14/02/2018,14:15:00,0,27.9,73
14/02/2018,14:30:00,0,28.4,72
14/02/2018,14:45:00,0,28.8,72
14/02/2018,15:00:00,0,28.6,73
14/02/2018,15:15:00,0,28.6,72
14/02/2018,15:30:00,0,28.6,73
14/02/2018,15:45:00,0,28.8,73
14/02/2018,16:00:00,0,27.9,76
14/02/2018,16:15:00,0,27.6,79
14/02/2018,16:30:00,0,27.9,79
14/02/2018,16:45:00,0,27.6,79
14/02/2018,17:00:00,0,27.1,81
14/02/2018,17:15:00,0,26.7,82
14/02/2018,17:30:00,0,26.9,83
14/02/2018,17:45:00,0,26.7,83
14/02/2018,18:00:00,0,26.9,82
14/02/2018,18:15:00,0,26.7,82
14/02/2018,18:30:00,0,26.4,85
14/02/2018,18:45:00,0.2,26.2,88
14/02/2018,19:00:00,0,26.2,88
14/02/2018,19:15:00,0,26.4,86
14/02/2018,19:30:00,0,26.2,85
14/02/2018,19:45:00,0,26.7,85
14/02/2018,20:00:00,0,26.7,85
14/02/2018,20:15:00,0,26.7,86
14/02/2018,20:30:00,0,26.7,86
14/02/2018,20:45:00,0,26.7,84
14/02/2018,21:00:00,0,25.7,88
14/02/2018,21:15:00,0,25.9,90
14/02/2018,21:30:00,0,26.2,88
14/02/2018,21:45:00,0,26.4,82
14/02/2018,22:00:00,0,26.9,76
14/02/2018,22:15:00,0.2,26.2,79
14/02/2018,22:30:00,0.6,25.9,81
14/02/2018,22:45:00,0.2,25.7,83
14/02/2018,23:00:00,2.6,24.9,88
14/02/2018,23:15:00,0.2,24.7,91
14/02/2018,23:30:00,0.2,24.5,92
14/02/2018,23:45:00,0.2,25.7,87
15/02/2018,00:00:00,0.2,25.9,83
15/02/2018,00:15:00,0,25.9,83
15/02/2018,00:30:00,7.8,24.7,93
15/02/2018,00:45:00,12.8,25.2,97
15/02/2018,01:00:00,20.4,24,98
15/02/2018,01:15:00,7.6,23.5,99
15/02/2018,01:30:00,0.6,24.9,99
15/02/2018,01:45:00,0,24.9,97
15/02/2018,02:00:00,0,25.4,94
15/02/2018,02:15:00,0,25.4,91
15/02/2018,02:30:00,0,24.9,91
15/02/2018,02:45:00,0.2,24.9,91
15/02/2018,03:00:00,0,24.5,92
15/02/2018,04:15:00,0,25.2,87
15/02/2018,04:30:00,0,25.4,85
15/02/2018,04:45:00,0,25.2,85
15/02/2018,05:00:00,0,25.2,86
15/02/2018,05:15:00,0,24.5,90
15/02/2018,05:30:00,0,24.2,92
15/02/2018,05:45:00,0,24,93
15/02/2018,06:00:00,0,23.7,94
15/02/2018,06:15:00,0,23.7,95
15/02/2018,06:30:00,0,23.5,95
15/02/2018,06:45:00,0,23.2,96
15/02/2018,07:00:00,0,23.2,96
15/02/2018,07:15:00,0,23.5,97
15/02/2018,07:30:00,0,24.2,96
15/02/2018,07:45:00,0,24,95
15/02/2018,08:00:00,0,24.7,95
15/02/2018,08:15:00,0,25.2,94
15/02/2018,08:30:00,0,26.7,86
15/02/2018,08:45:00,0,26.7,82
15/02/2018,09:00:00,0,27.1,79
15/02/2018,09:15:00,0,26.7,79
15/02/2018,09:30:00,0,27.1,79
15/02/2018,09:45:00,0,27.9,73
15/02/2018,10:00:00,0,28.4,71
15/02/2018,10:15:00,0,27.1,72
15/02/2018,10:30:00,0,27.9,69
15/02/2018,10:45:00,0,28.1,69
15/02/2018,11:00:00,0,27.6,70
15/02/2018,11:15:00,0,27.6,73
15/02/2018,11:30:00,0,27.9,71
15/02/2018,11:45:00,0,28.1,74
15/02/2018,12:00:00,0,27.1,75
15/02/2018,12:15:00,0,28.1,72
15/02/2018,12:30:00,0,28.1,71
15/02/2018,12:45:00,0,27.6,72
15/02/2018,13:00:00,0,27.9,71
15/02/2018,13:15:00,0,29.1,67
15/02/2018,13:30:00,0,29.3,64
15/02/2018,13:45:00,0,29.3,64
15/02/2018,14:00:00,0,28.8,64
15/02/2018,14:15:00,0,28.6,65
15/02/2018,14:30:00,0,28.6,65
15/02/2018,14:45:00,0,28.6,63
15/02/2018,15:00:00,0,28.4,63
15/02/2018,15:15:00,0,27.9,68
15/02/2018,15:30:00,0,28.8,64
15/02/2018,15:45:00,0,28.6,64
15/02/2018,16:00:00,0,28.4,64
15/02/2018,16:15:00,0,28.1,65
15/02/2018,16:30:00,0,28.6,65
15/02/2018,16:45:00,0,27.9,68
15/02/2018,17:00:00,0,27.9,66
15/02/2018,17:15:00,0,27.6,67
15/02/2018,17:30:00,0,27.9,66
15/02/2018,17:45:00,0,28.1,65
15/02/2018,18:00:00,0,27.9,64
15/02/2018,18:15:00,0,27.4,67
15/02/2018,18:30:00,0,27.6,70
15/02/2018,18:45:00,0,27.4,69
15/02/2018,19:00:00,0,26.9,72
15/02/2018,19:15:00,0,26.7,74
15/02/2018,19:30:00,0,26.4,77
15/02/2018,19:45:00,0,26.2,78
15/02/2018,20:00:00,0,25.9,80
15/02/2018,20:15:00,0,25.7,82
15/02/2018,20:30:00,0,25.7,82
15/02/2018,20:45:00,0,25.4,82
15/02/2018,21:00:00,0,25.2,83
15/02/2018,21:15:00,0,25.2,80
15/02/2018,21:30:00,0,24.9,81
15/02/2018,21:45:00,0,25.2,80
15/02/2018,22:00:00,0,25.4,78
15/02/2018,22:15:00,0,25.7,76
15/02/2018,22:30:00,0,25.7,74
15/02/2018,22:45:00,0,25.9,73
15/02/2018,23:00:00,0,25.9,75
15/02/2018,23:15:00,0,25.4,74
15/02/2018,23:30:00,0,24.7,79
15/02/2018,23:45:00,0,24.9,79
16/02/2018,00:00:00,0,24.7,80
16/02/2018,00:15:00,0,24.5,82
16/02/2018,00:30:00,0,24.7,81
16/02/2018,00:45:00,0,25.4,80
16/02/2018,01:00:00,0,25.2,81
16/02/2018,01:15:00,0,24.2,84
16/02/2018,01:30:00,0,24.7,83
16/02/2018,01:45:00,0,24.2,85
16/02/2018,02:00:00,0,24.7,83
16/02/2018,02:15:00,0,24.2,85
16/02/2018,02:30:00,0,24.2,87
16/02/2018,02:45:00,0,24.5,86
16/02/2018,03:00:00,0,24.9,86
16/02/2018,04:15:00,0,24.7,87
16/02/2018,04:30:00,0,24.5,88
16/02/2018,04:45:00,0,24.5,90
16/02/2018,05:00:00,0,24.5,88
16/02/2018,05:15:00,0,24.5,89
16/02/2018,05:30:00,0,24.7,90
16/02/2018,05:45:00,0,24.2,91
16/02/2018,06:00:00,0,24.5,91
16/02/2018,06:15:00,0,24.2,90
16/02/2018,06:30:00,0,23.7,91
16/02/2018,06:45:00,0,24,91
16/02/2018,07:00:00,0,24,91
16/02/2018,07:15:00,0,24.2,91
16/02/2018,07:30:00,0,24.2,90
16/02/2018,07:45:00,0,24.5,90
16/02/2018,08:00:00,0,25.4,88
16/02/2018,08:15:00,0,25.9,84
16/02/2018,08:30:00,0,26.2,82
16/02/2018,08:45:00,0,26.2,83
16/02/2018,09:00:00,0,27.4,79
16/02/2018,09:15:00,0,26.9,79
16/02/2018,09:30:00,0,27.1,78
16/02/2018,09:45:00,0,28.1,72
16/02/2018,10:00:00,0,27.6,73
16/02/2018,10:15:00,0,28.4,71
16/02/2018,10:30:00,0,28.1,74
16/02/2018,10:45:00,0,27.4,76
16/02/2018,11:00:00,0,27.4,78
16/02/2018,11:15:00,0,27.1,79
16/02/2018,11:30:00,0,27.4,77
16/02/2018,11:45:00,0,27.9,75
16/02/2018,12:00:00,0,28.6,72
16/02/2018,12:15:00,0,28.8,69
16/02/2018,12:30:00,0,29.3,67
16/02/2018,12:45:00,0,27.6,76
16/02/2018,13:00:00,0,27.1,80
16/02/2018,13:15:00,0,27.4,76
16/02/2018,13:30:00,0,27.1,75
16/02/2018,13:45:00,0,26.9,77
16/02/2018,14:00:00,0,27.9,76
16/02/2018,14:15:00,0,27.9,76
16/02/2018,14:30:00,0,26.9,79
16/02/2018,14:45:00,0,26.7,79
16/02/2018,15:00:00,0,27.1,79
16/02/2018,15:15:00,0,27.1,79
16/02/2018,15:30:00,0,26.7,80
16/02/2018,15:45:00,0,26.9,79
16/02/2018,16:00:00,0,27.4,77
16/02/2018,16:15:00,0,27.1,77
16/02/2018,16:30:00,0,27.1,77
16/02/2018,16:45:00,0,27.1,77
16/02/2018,17:00:00,0,27.1,75
16/02/2018,17:15:00,0,26.9,76
16/02/2018,17:30:00,0,26.9,75
16/02/2018,17:45:00,0,27.1,76
16/02/2018,18:00:00,0,27.1,75
16/02/2018,18:15:00,0,27.1,76
16/02/2018,18:30:00,0,26.9,78
16/02/2018,18:45:00,0,26.7,80
16/02/2018,19:00:00,0,26.7,79
16/02/2018,19:15:00,0,26.2,80
16/02/2018,19:30:00,0,26.4,80
16/02/2018,19:45:00,0,26.2,80
16/02/2018,20:00:00,0,25.4,85
16/02/2018,20:15:00,0,25.2,86
16/02/2018,20:30:00,0,24.9,86
16/02/2018,20:45:00,0,24.7,87
16/02/2018,21:00:00,0,24.5,87
16/02/2018,21:15:00,0,24.5,88
16/02/2018,21:30:00,0,24.5,87
16/02/2018,21:45:00,0,25.2,85
16/02/2018,22:00:00,0,24.5,87
16/02/2018,22:15:00,0,24.9,86
16/02/2018,22:30:00,8.8,24,93
16/02/2018,22:45:00,3,23.7,95
16/02/2018,23:00:00,0.4,23.7,95
16/02/2018,23:15:00,0.2,23.7,95
16/02/2018,23:30:00,0,23.2,95
16/02/2018,23:45:00,0,23.5,96
17/02/2018,00:00:00,0,23.5,96
17/02/2018,00:15:00,0,23.5,96
17/02/2018,00:30:00,0,23.7,96
17/02/2018,00:45:00,0,23.5,96
17/02/2018,01:00:00,0,23.5,97
17/02/2018,01:15:00,0,23.5,96
17/02/2018,01:30:00,0,23.5,97
17/02/2018,01:45:00,0,23,97
17/02/2018,02:00:00,0,23,97
17/02/2018,02:15:00,0,23,97
17/02/2018,02:30:00,0,23,96
17/02/2018,02:45:00,0,22.7,96
17/02/2018,03:00:00,0,23,96
17/02/2018,04:15:00,0,22.7,96
17/02/2018,04:30:00,0,22.5,96
17/02/2018,04:45:00,0,22.3,96
17/02/2018,05:00:00,0,22,96
17/02/2018,05:15:00,0,22.3,97
17/02/2018,05:30:00,0,22,96
17/02/2018,05:45:00,0,22,97
17/02/2018,06:00:00,0,22,97
17/02/2018,06:15:00,0,22,97
17/02/2018,06:30:00,0,21.8,96
17/02/2018,06:45:00,0,22,97
17/02/2018,07:00:00,0,21.5,97
17/02/2018,07:15:00,0,22.7,97
17/02/2018,07:30:00,0,23.5,96
17/02/2018,07:45:00,0,24.2,94
17/02/2018,08:00:00,0,24,92
17/02/2018,08:15:00,0,25.2,90
17/02/2018,08:30:00,0,25.4,85
17/02/2018,08:45:00,0,26.2,81
17/02/2018,09:00:00,0,26.7,77
17/02/2018,09:15:00,0,27.4,72
17/02/2018,09:30:00,0,27.9,72
17/02/2018,09:45:00,0,27.9,73
17/02/2018,10:00:00,0,27.9,71
17/02/2018,10:15:00,0,28.1,71
17/02/2018,10:30:00,0,28.1,71
17/02/2018,10:45:00,0,27.4,72
17/02/2018,11:00:00,0,27.1,73
17/02/2018,11:15:00,0,28.1,72
17/02/2018,11:30:00,0,28.6,69
17/02/2018,11:45:00,0,29.1,68
17/02/2018,12:00:00,0,28.4,69
17/02/2018,12:15:00,0,28.1,69
17/02/2018,12:30:00,0,28.4,71
17/02/2018,12:45:00,0,28.8,72
17/02/2018,13:00:00,0,28.4,72
17/02/2018,13:15:00,0,28.8,71
17/02/2018,13:30:00,0,28.4,73
17/02/2018,13:45:00,0,27.9,74
17/02/2018,14:00:00,0,28.4,72
17/02/2018,14:15:00,0,28.4,75
17/02/2018,14:30:00,0,28.1,72
17/02/2018,14:45:00,0,28.6,71
17/02/2018,15:00:00,0,28.6,69
17/02/2018,15:15:00,0,28.4,72
17/02/2018,15:30:00,0,28.6,71
17/02/2018,15:45:00,0,28.4,72
17/02/2018,16:00:00,0,28.1,73
17/02/2018,16:15:00,0,28.1,73
17/02/2018,16:30:00,0,27.4,74
17/02/2018,16:45:00,0,27.9,74
17/02/2018,17:00:00,0,28.4,72
17/02/2018,17:15:00,0,28.4,67
17/02/2018,17:30:00,0,27.9,70
17/02/2018,17:45:00,0,27.6,73
17/02/2018,18:00:00,0,27.6,72
17/02/2018,18:15:00,0,27.4,74
17/02/2018,18:30:00,0,27.4,75
17/02/2018,18:45:00,0,27.1,75
17/02/2018,19:00:00,0,27.1,75
17/02/2018,19:15:00,0,26.9,76
17/02/2018,19:30:00,0,26.9,77
17/02/2018,19:45:00,0,26.9,77
17/02/2018,20:00:00,0,26.9,77
17/02/2018,20:15:00,0,26.7,77
17/02/2018,20:30:00,0,26.9,77
17/02/2018,20:45:00,0,26.9,76
17/02/2018,21:00:00,0,26.7,77
17/02/2018,21:15:00,0,26.9,76
17/02/2018,21:30:00,0,26.9,77
17/02/2018,21:45:00,0,26.2,79
17/02/2018,22:00:00,0,25.7,80
17/02/2018,22:15:00,0,26.2,79
17/02/2018,22:30:00,0,26.2,79
17/02/2018,22:45:00,0,25.9,81
17/02/2018,23:00:00,0,25.4,82
17/02/2018,23:15:00,0,25.4,83
17/02/2018,23:30:00,0,25.7,82
17/02/2018,23:45:00,0,25.7,82
17/02/2018,23:00:00,0,25.7,81
17/02/2018,23:15:00,0,25.7,82
17/02/2018,23:30:00,0,25.7,81
17/02/2018,23:45:00,0,25.7,81
18/02/2018,00:00:00,0,25.7,79
18/02/2018,00:15:00,0,25.4,81
18/02/2018,00:30:00,0,25.2,83
18/02/2018,00:45:00,0,25.2,82
18/02/2018,01:00:00,0,25.2,82
18/02/2018,01:15:00,0,24.9,82
18/02/2018,01:30:00,0,25.4,80
18/02/2018,01:45:00,0,25.2,80
18/02/2018,02:00:00,0,25.4,82
18/02/2018,02:15:00,0,25.2,83
18/02/2018,02:30:00,0,24.7,84
18/02/2018,02:45:00,0,24.2,86
18/02/2018,03:00:00,0,24.5,86
18/02/2018,03:15:00,0,24.7,85
18/02/2018,03:30:00,0,24.7,86
18/02/2018,03:45:00,0,24.2,87
18/02/2018,04:00:00,0,24,89
18/02/2018,04:15:00,0,24,91
18/02/2018,04:30:00,0,23.5,92
18/02/2018,04:45:00,0,23.7,92
18/02/2018,05:00:00,0,24,91
18/02/2018,05:15:00,0,23.5,91
18/02/2018,05:30:00,0,23.5,90
18/02/2018,05:45:00,0,23.5,91
18/02/2018,06:00:00,0,23.5,92
18/02/2018,06:15:00,0,23.5,91
18/02/2018,06:30:00,0,24,90
18/02/2018,06:45:00,0,24.5,89
18/02/2018,07:00:00,0,25.2,86
18/02/2018,07:15:00,0,25.4,86
18/02/2018,07:30:00,0,25.9,83
18/02/2018,07:45:00,0,26.2,83
18/02/2018,08:00:00,0,27.6,78
18/02/2018,08:15:00,0,27.4,75
18/02/2018,08:30:00,0,26.9,77
18/02/2018,08:45:00,0,28.6,71
18/02/2018,09:00:00,0,29.1,69
18/02/2018,09:15:00,0,29.3,68
18/02/2018,09:30:00,0,29.1,69
18/02/2018,09:45:00,0,29.3,67
18/02/2018,10:00:00,0,28.8,69
18/02/2018,10:15:00,0,27.9,73
18/02/2018,10:30:00,0,27.9,71
18/02/2018,10:45:00,0,28.8,69
18/02/2018,11:00:00,0,28.8,70
18/02/2018,11:15:00,0,28.4,72
18/02/2018,11:30:00,0,28.4,72
18/02/2018,11:45:00,0,28.6,73
18/02/2018,12:00:00,0,28.8,72
18/02/2018,12:15:00,0,28.1,73
18/02/2018,12:30:00,0,28.1,73
18/02/2018,12:45:00,0.4,27.1,79
18/02/2018,13:00:00,0,27.4,79
18/02/2018,13:15:00,0,27.6,78
18/02/2018,13:30:00,0,27.4,77
18/02/2018,13:45:00,0,28.1,76
18/02/2018,14:00:00,0,27.9,76
18/02/2018,14:15:00,0,27.9,74
18/02/2018,14:30:00,0,28.1,74
18/02/2018,14:45:00,0,27.9,73
18/02/2018,15:00:00,0,27.4,74
18/02/2018,15:15:00,0,27.1,75
18/02/2018,15:30:00,0,27.4,74
18/02/2018,15:45:00,0,27.9,73
18/02/2018,16:00:00,0,27.6,72
18/02/2018,16:15:00,0,28.6,70
18/02/2018,16:30:00,0,27.6,73
18/02/2018,16:45:00,0,27.4,76
18/02/2018,17:00:00,0,27.4,77
18/02/2018,17:15:00,0,27.4,76
18/02/2018,17:30:00,0,27.1,76
18/02/2018,17:45:00,0,27.1,78
18/02/2018,18:00:00,0,26.7,76
18/02/2018,18:15:00,0,25.9,79
18/02/2018,18:30:00,0,25.4,81
18/02/2018,18:45:00,0,25.7,80
18/02/2018,19:00:00,0,25.4,82
18/02/2018,19:15:00,0,25.4,81
18/02/2018,19:30:00,0,25.2,82
18/02/2018,19:45:00,0,25.7,82
18/02/2018,20:00:00,0,25.2,83
18/02/2018,20:15:00,0,24.9,84
18/02/2018,20:30:00,0,25.4,83
18/02/2018,20:45:00,0,25.2,84
18/02/2018,21:00:00,0,24.9,85
18/02/2018,21:15:00,0,24.5,88
18/02/2018,21:30:00,0,24.5,86
18/02/2018,21:45:00,0,24.5,85
18/02/2018,22:00:00,0,24.2,86
18/02/2018,22:15:00,0,24,85
18/02/2018,22:30:00,0,24.2,82
18/02/2018,22:45:00,0,24.5,82
18/02/2018,23:00:00,0,24,83
18/02/2018,23:15:00,0,24.5,83
18/02/2018,23:30:00,0,23.7,85
18/02/2018,23:45:00,0,23.7,85
19/02/2018,00:00:00,0,23.5,87
19/02/2018,00:15:00,0,24,82
19/02/2018,00:30:00,0,23.5,85
19/02/2018,00:45:00,0,23.5,86
19/02/2018,01:00:00,0,23.5,87
19/02/2018,01:15:00,0,23.2,87
19/02/2018,01:30:00,0,23.2,86
19/02/2018,01:45:00,0,23.5,85
19/02/2018,02:00:00,0,24,84
19/02/2018,02:15:00,0,23.5,85
19/02/2018,02:30:00,0,23.2,86
19/02/2018,02:45:00,0,23.5,86
19/02/2018,03:00:00,0,24,85
19/02/2018,03:15:00,0,23.7,87
19/02/2018,03:30:00,0,23.5,86
19/02/2018,03:45:00,0,23,87
19/02/2018,04:00:00,0,23,88
19/02/2018,04:15:00,0,23.7,84
19/02/2018,04:30:00,0,23.2,87
19/02/2018,04:45:00,0,23.2,89
19/02/2018,05:00:00,0,23.2,87
19/02/2018,05:15:00,0,23.5,87
19/02/2018,05:30:00,0,23.2,89
19/02/2018,05:45:00,0,23,89
19/02/2018,06:00:00,0,23,88
19/02/2018,06:15:00,0,24,88
19/02/2018,06:30:00,0,23.7,87
19/02/2018,06:45:00,0,24.2,86
19/02/2018,07:00:00,0,24.7,84
19/02/2018,07:15:00,0,25.7,82
19/02/2018,07:30:00,0,26.2,77
19/02/2018,07:45:00,0,27.4,74
19/02/2018,08:00:00,0,27.9,73
19/02/2018,08:15:00,0,27.4,70
19/02/2018,08:30:00,0,27.9,66
19/02/2018,08:45:00,0,27.9,71
19/02/2018,09:00:00,0,27.6,71
19/02/2018,09:15:00,0,28.4,71
19/02/2018,09:30:00,0,27.9,70
19/02/2018,09:45:00,0,29.1,68
19/02/2018,10:00:00,0,28.6,65
19/02/2018,10:15:00,0,29.3,62
19/02/2018,10:30:00,0,29.3,63
19/02/2018,10:45:00,0,29.3,61
19/02/2018,11:00:00,0,30.1,60
19/02/2018,11:15:00,0,30.8,58
19/02/2018,11:30:00,0,30.3,59
19/02/2018,11:45:00,0,30.6,59
19/02/2018,12:00:00,0,31,60
19/02/2018,12:15:00,0,30.6,63
19/02/2018,12:30:00,0,29.8,65
19/02/2018,12:45:00,0,29.3,67
19/02/2018,13:00:00,0,30.1,66
19/02/2018,13:15:00,0,30.1,65
19/02/2018,13:30:00,0,29.1,68
19/02/2018,13:45:00,0,30.1,66
19/02/2018,14:00:00,0,29.8,67
19/02/2018,14:15:00,0,29.3,67
19/02/2018,14:30:00,0,29.8,66
19/02/2018,14:45:00,0,30.3,65
19/02/2018,15:00:00,0,30.8,65
19/02/2018,15:15:00,0,29.8,67
19/02/2018,15:30:00,0,30.1,65
19/02/2018,15:45:00,0,29.8,66
19/02/2018,16:00:00,0,29.3,69
19/02/2018,16:15:00,0,29.3,71
19/02/2018,16:30:00,0,29.8,70
19/02/2018,16:45:00,0,29.6,71
19/02/2018,17:00:00,0,29.1,74
19/02/2018,17:15:00,0,29.1,75
19/02/2018,17:30:00,0,28.8,75
19/02/2018,17:45:00,0,28.6,75
19/02/2018,18:00:00,0,28.4,76
19/02/2018,18:15:00,0,28.4,78
19/02/2018,18:30:00,0,28.6,77
19/02/2018,18:45:00,0,28.4,80
19/02/2018,19:00:00,0,28.1,83
19/02/2018,19:15:00,0,27.4,84
19/02/2018,19:30:00,0,27.4,81
19/02/2018,19:45:00,0,26.4,85
19/02/2018,20:00:00,0,26.7,77
19/02/2018,20:15:00,0,27.1,71
19/02/2018,20:30:00,0,26.9,67
19/02/2018,20:45:00,0,26.4,69
19/02/2018,21:00:00,0,26.7,68
19/02/2018,21:15:00,0,26.4,68
19/02/2018,21:30:00,0,26.4,70
19/02/2018,21:45:00,0,26.2,72
19/02/2018,22:00:00,0,26.4,69
19/02/2018,22:15:00,0,25.7,73
19/02/2018,22:30:00,0,26.2,67
19/02/2018,22:45:00,0,26.2,68
19/02/2018,23:00:00,0,26.2,67
19/02/2018,23:15:00,0,26.4,65
19/02/2018,23:30:00,0,26.7,65
19/02/2018,23:45:00,0,25.9,70
20/02/2018,00:00:00,0,25.9,72
20/02/2018,00:15:00,0,26.2,71
20/02/2018,00:30:00,0,25.9,71
20/02/2018,00:45:00,0,25.4,75
20/02/2018,01:00:00,0,25.4,75
20/02/2018,01:15:00,0,25.2,77
20/02/2018,01:30:00,0,24.9,79
20/02/2018,01:45:00,0,24.9,79
20/02/2018,02:00:00,0,25.2,79
20/02/2018,02:15:00,0,25.7,78
20/02/2018,02:30:00,0,25.2,81
20/02/2018,02:45:00,0,25.2,81
20/02/2018,03:00:00,0,25.4,82
20/02/2018,03:15:00,0,25.4,80
20/02/2018,03:30:00,0,25.7,79
20/02/2018,03:45:00,0,24.7,84
20/02/2018,04:00:00,0,24.9,84
20/02/2018,04:15:00,0,24.9,84
20/02/2018,04:30:00,0,24.9,85
20/02/2018,04:45:00,0,24.7,86
20/02/2018,05:00:00,0,24.9,86
20/02/2018,05:15:00,0,25.2,85
20/02/2018,05:30:00,0,25.2,86
20/02/2018,05:45:00,0,25.4,85
20/02/2018,06:00:00,0,25.7,85
20/02/2018,06:15:00,0,26.2,83
20/02/2018,06:30:00,0,26.4,82
20/02/2018,06:45:00,0,26.9,78
20/02/2018,07:00:00,0,27.4,76
20/02/2018,07:15:00,0,27.4,75
20/02/2018,07:30:00,0,28.1,74
20/02/2018,07:45:00,0,28.4,71
20/02/2018,08:00:00,0,28.6,72
20/02/2018,08:15:00,0,29.1,69
20/02/2018,08:30:00,0,29.6,66
20/02/2018,08:45:00,0,29.6,66
20/02/2018,09:00:00,0,29.8,65
20/02/2018,09:15:00,0,30.6,63
20/02/2018,09:30:00,0,30.8,62
20/02/2018,09:45:00,0,30.8,66
20/02/2018,10:00:00,0,30.3,64
20/02/2018,10:15:00,0,31,61
20/02/2018,10:30:00,0,32.5,59
20/02/2018,10:45:00,0,31.5,63
20/02/2018,11:00:00,0,30.8,65
20/02/2018,11:15:00,0,31,65
20/02/2018,11:30:00,0,31.5,62
20/02/2018,11:45:00,0,32,61
20/02/2018,12:00:00,0,33.5,54
20/02/2018,12:15:00,0,34,54
20/02/2018,12:30:00,0,33.5,53
20/02/2018,12:45:00,0,32.3,61
20/02/2018,13:00:00,0,32.8,61
20/02/2018,13:15:00,0,32.3,62
20/02/2018,13:30:00,0,31.5,68
20/02/2018,13:45:00,0,31.5,69
20/02/2018,14:00:00,0,31.3,69
20/02/2018,14:15:00,0,31.5,66
20/02/2018,14:30:00,0,32.5,62
20/02/2018,14:45:00,0,31.5,64
20/02/2018,15:00:00,0,32,61
20/02/2018,15:15:00,0,31.8,64
20/02/2018,15:30:00,0,32,61
20/02/2018,15:45:00,0,31.5,62
20/02/2018,16:00:00,0,30.8,62
20/02/2018,16:15:00,0,30.3,66
20/02/2018,16:30:00,0,30.8,67
20/02/2018,16:45:00,0,31,67
20/02/2018,17:00:00,0,31.5,63
20/02/2018,17:15:00,0,30.6,65
20/02/2018,17:30:00,0,30.8,61
20/02/2018,17:45:00,0,31,60
20/02/2018,18:00:00,0,30.1,67
20/02/2018,18:15:00,0,29.3,69
20/02/2018,18:30:00,0,29.6,69
20/02/2018,18:45:00,0,28.8,71
20/02/2018,19:00:00,0,28.8,71
20/02/2018,19:15:00,0,29.8,69
20/02/2018,19:30:00,0,29.6,68
20/02/2018,19:45:00,0,29.3,66
20/02/2018,20:00:00,0,28.8,67
20/02/2018,20:15:00,0,28.8,66
20/02/2018,20:30:00,0,28.6,68
20/02/2018,20:45:00,0,28.6,71
20/02/2018,21:00:00,0,28.8,68
20/02/2018,21:15:00,0,28.8,65
20/02/2018,21:30:00,0,29.1,64
20/02/2018,21:45:00,0,29.1,62
20/02/2018,22:00:00,0,29.1,64
20/02/2018,22:15:00,0,29.3,63
20/02/2018,22:30:00,0,28.8,65
20/02/2018,22:45:00,0,29.3,63
20/02/2018,23:00:00,0,28.8,67
20/02/2018,23:15:00,0,28.6,68
20/02/2018,23:30:00,0,28.6,68
20/02/2018,23:45:00,0,28.6,67
21/02/2018,00:00:00,0,29.8,61
21/02/2018,00:15:00,0,30.6,57
21/02/2018,00:30:00,0,30.1,59
21/02/2018,00:45:00,0,30.8,55
21/02/2018,01:00:00,0,31.3,53
21/02/2018,01:15:00,0,31,54
21/02/2018,01:30:00,0,30.8,55
21/02/2018,01:45:00,0,30.8,55
21/02/2018,02:00:00,0,30.6,56
21/02/2018,02:15:00,0,30.6,56
21/02/2018,02:30:00,0,30.8,55
21/02/2018,02:45:00,0,30.8,55
21/02/2018,03:00:00,0,30.8,55
21/02/2018,03:15:00,0,30.8,55
21/02/2018,03:30:00,0,30.6,56
21/02/2018,03:45:00,0,31,54
21/02/2018,04:00:00,0,30.6,55
21/02/2018,04:15:00,0,30.8,54
21/02/2018,04:30:00,0,30.3,55
21/02/2018,04:45:00,0,30.3,55
21/02/2018,05:00:00,0,30.8,54
21/02/2018,05:15:00,0,31,53
21/02/2018,05:30:00,0,30.8,54
21/02/2018,05:45:00,0,30.8,54
21/02/2018,06:00:00,0,30.8,53
21/02/2018,06:15:00,0,31,53
21/02/2018,06:30:00,0,31,53
21/02/2018,06:45:00,0,31.3,52
21/02/2018,07:00:00,0,31.3,52
21/02/2018,07:15:00,0,31.5,52
21/02/2018,07:30:00,0,31.8,52
21/02/2018,07:45:00,0,31.8,52
21/02/2018,08:00:00,0,31.8,52
21/02/2018,08:15:00,0,32,52
21/02/2018,08:30:00,0,33.2,50
21/02/2018,08:45:00,0,34,50
21/02/2018,09:00:00,0,32.8,54
21/02/2018,09:15:00,0,32.5,59
21/02/2018,09:30:00,0,32.3,61
21/02/2018,09:45:00,0,32,60
21/02/2018,10:00:00,0,31.5,61
21/02/2018,10:15:00,0,32,62
21/02/2018,10:30:00,0,32,63
21/02/2018,10:45:00,0,32,59
21/02/2018,11:00:00,0,32.3,60
21/02/2018,11:15:00,0,32.3,61
21/02/2018,11:30:00,0,31.8,63
21/02/2018,11:45:00,0,32.3,62
21/02/2018,12:00:00,0,32.3,61
21/02/2018,12:15:00,0,32.8,61
21/02/2018,12:30:00,0,32,61
21/02/2018,12:45:00,0,33.2,60
21/02/2018,13:00:00,0,33.5,56
21/02/2018,13:15:00,0,34,53
21/02/2018,13:30:00,0,33.2,55
21/02/2018,13:45:00,0,32.5,58
21/02/2018,14:00:00,0,32.5,60
21/02/2018,14:15:00,0,32.8,59
21/02/2018,14:30:00,0,31.5,63
21/02/2018,14:45:00,0,31,65
21/02/2018,15:00:00,0,30.1,72
21/02/2018,15:15:00,0.2,28.1,77
21/02/2018,15:30:00,0,28.1,82
21/02/2018,15:45:00,0,28.8,77
21/02/2018,16:00:00,0,29.8,70
21/02/2018,16:15:00,0,31.3,60
21/02/2018,16:30:00,0,31.3,62
21/02/2018,16:45:00,0,30.8,65
21/02/2018,17:00:00,0,30.1,73
21/02/2018,17:15:00,0,29.3,77
21/02/2018,17:30:00,0,29.6,75
21/02/2018,17:45:00,0,28.8,78
21/02/2018,18:00:00,0,28.4,80
21/02/2018,18:15:00,0,28.6,80
21/02/2018,18:30:00,0,28.1,82
21/02/2018,18:45:00,0,28.4,81
21/02/2018,19:00:00,0,28.4,83
21/02/2018,19:15:00,0,28.1,84
21/02/2018,19:30:00,0,28.1,82
21/02/2018,19:45:00,0,27.6,84
21/02/2018,20:00:00,0,27.1,84
21/02/2018,20:15:00,0,27.6,84
21/02/2018,20:30:00,0,27.9,82
21/02/2018,20:45:00,0,27.6,81
21/02/2018,21:00:00,0,27.9,81
21/02/2018,21:15:00,0,27.1,83
21/02/2018,21:30:00,1.4,25.7,89
21/02/2018,21:45:00,12.4,24.5,96
21/02/2018,22:00:00,14.6,24,97
21/02/2018,22:15:00,6.8,24,98
21/02/2018,22:30:00,3.4,24.5,99
21/02/2018,22:45:00,3.8,24.7,99
21/02/2018,23:00:00,3.6,24.5,99
21/02/2018,23:15:00,2.4,24.5,99
21/02/2018,23:30:00,0.4,24.7,98
21/02/2018,23:45:00,0,24.7,97
22/02/2018,00:00:00,0,24.7,97
22/02/2018,00:15:00,0,24.9,97
22/02/2018,00:30:00,0,24.9,97
22/02/2018,00:45:00,0,24.9,97
22/02/2018,01:00:00,1.8,24.5,96
22/02/2018,01:15:00,1.8,24.2,97
22/02/2018,01:30:00,8,24,97
22/02/2018,01:45:00,5.6,24,98
22/02/2018,02:00:00,1.6,24,98
22/02/2018,02:15:00,1,24,98
22/02/2018,02:30:00,0.6,24,98
22/02/2018,02:45:00,0,24.2,97
22/02/2018,03:00:00,0.2,24.2,97
22/02/2018,03:15:00,0,24.5,96
22/02/2018,03:30:00,0,24.5,95
22/02/2018,03:45:00,0,24.2,95
22/02/2018,04:00:00,0,24,96
22/02/2018,04:15:00,0,24.5,94
22/02/2018,04:30:00,0,24.7,94
22/02/2018,04:45:00,0,24.5,95
22/02/2018,05:00:00,0,24,95
22/02/2018,05:15:00,0,24,95
22/02/2018,05:30:00,0,24,96
22/02/2018,05:45:00,0,23.7,97
22/02/2018,06:00:00,0,24,97
22/02/2018,06:15:00,0,24,97
22/02/2018,06:30:00,0,24,97
22/02/2018,06:45:00,0,24.2,97
22/02/2018,07:00:00,0,24.2,97
22/02/2018,07:15:00,0,24.7,96
22/02/2018,07:30:00,0,24.7,95
22/02/2018,07:45:00,0,25.4,94
22/02/2018,08:00:00,0,25.9,92
22/02/2018,08:15:00,0,26.4,89
22/02/2018,08:30:00,0,27.4,82
22/02/2018,08:45:00,0,27.9,79
22/02/2018,09:00:00,0,27.6,80
22/02/2018,09:15:00,0,27.9,79
22/02/2018,09:30:00,0,28.1,76
22/02/2018,09:45:00,0,28.6,76
22/02/2018,10:00:00,0,29.1,76
22/02/2018,10:15:00,0,28.8,74
22/02/2018,10:30:00,0,29.1,74
22/02/2018,10:45:00,0,28.6,75
22/02/2018,11:00:00,0,29.3,73
22/02/2018,11:15:00,0,28.8,74
22/02/2018,11:30:00,0,28.1,78
22/02/2018,11:45:00,0,27.9,77
22/02/2018,12:00:00,0,28.1,78
22/02/2018,12:15:00,0,28.1,76
22/02/2018,12:30:00,0,28.8,73
22/02/2018,12:45:00,0,28.6,73
22/02/2018,13:00:00,0,28.4,73
22/02/2018,13:15:00,0,27.6,77
22/02/2018,13:30:00,0,28.4,74
22/02/2018,13:45:00,0,28.6,75
22/02/2018,14:00:00,0,28.4,75
22/02/2018,14:15:00,0,28.1,77
22/02/2018,14:30:00,0,27.9,79
22/02/2018,14:45:00,0,27.9,79
22/02/2018,15:00:00,0,27.6,79
22/02/2018,15:15:00,0,27.6,80
22/02/2018,15:30:00,0,27.6,80
22/02/2018,15:45:00,0,27.6,78
22/02/2018,16:00:00,0,27.4,78
22/02/2018,16:15:00,0,27.9,78
22/02/2018,16:30:00,0,28.4,75
22/02/2018,16:45:00,0,28.1,76
22/02/2018,17:00:00,0,27.9,75
22/02/2018,17:15:00,0,27.4,78
22/02/2018,17:30:00,0,27.4,79
22/02/2018,17:45:00,0,27.4,79
22/02/2018,18:00:00,0,27.4,81
22/02/2018,18:15:00,0,27.4,81
22/02/2018,18:30:00,0,27.4,79
22/02/2018,18:45:00,0,27.4,79
22/02/2018,19:00:00,0,27.6,80
22/02/2018,19:15:00,0,27.6,82
22/02/2018,19:30:00,0,27.4,82
22/02/2018,19:45:00,0,27.1,84
22/02/2018,20:00:00,0,27.1,84
22/02/2018,20:15:00,0,27.1,83
22/02/2018,20:30:00,0,26.9,83
22/02/2018,20:45:00,0,26.9,83
22/02/2018,21:00:00,0,26.9,83
22/02/2018,21:15:00,0,26.9,83
22/02/2018,21:30:00,0,26.9,83
22/02/2018,21:45:00,0,26.9,84
22/02/2018,22:00:00,0,26.4,85
22/02/2018,22:15:00,0,26.4,85
22/02/2018,22:30:00,0,25.9,87
22/02/2018,22:45:00,0,25.9,87
22/02/2018,23:00:00,0,25.9,85
22/02/2018,23:15:00,0,25.7,86
22/02/2018,23:30:00,0,25.2,88
22/02/2018,23:45:00,0,25.4,88
23/02/2018,00:00:00,0,25.7,86
23/02/2018,00:15:00,0,25.7,84
23/02/2018,00:30:00,0,25.7,86
23/02/2018,00:45:00,0,25.9,86
23/02/2018,01:00:00,0,25.7,85
23/02/2018,01:15:00,0,25.7,86
23/02/2018,01:30:00,0,25.4,87
23/02/2018,01:45:00,0,25.2,89
23/02/2018,02:00:00,0,25.2,89
23/02/2018,02:15:00,0,25.4,89
23/02/2018,02:30:00,0,25.2,89
23/02/2018,02:45:00,0,25.4,89
23/02/2018,03:00:00,0,25.4,87
23/02/2018,03:15:00,0,25.2,87
23/02/2018,03:30:00,0,24.9,89
23/02/2018,03:45:00,0,25.2,90
23/02/2018,04:00:00,0,25.4,89
23/02/2018,04:15:00,0,25.4,87
23/02/2018,04:30:00,2.4,24.5,91
23/02/2018,04:45:00,10.2,24,95
23/02/2018,05:00:00,7.6,23.7,96
23/02/2018,05:15:00,4.8,23.5,97
23/02/2018,05:30:00,0.8,23.7,97
23/02/2018,05:45:00,0.2,23.7,97
23/02/2018,06:00:00,0,23.7,96
23/02/2018,06:15:00,0,24,96
23/02/2018,06:30:00,0,23.7,96
23/02/2018,06:45:00,0,24,97
23/02/2018,07:00:00,0,24.5,97
23/02/2018,07:15:00,0,24.5,95
23/02/2018,07:30:00,0,24.9,93
23/02/2018,07:45:00,0,25.4,92
23/02/2018,08:00:00,0,25.2,92
23/02/2018,08:15:00,0,25.7,89
23/02/2018,08:30:00,0,25.7,89
23/02/2018,08:45:00,0,25.9,89
23/02/2018,09:00:00,0,25.9,88
23/02/2018,09:15:00,0,26.2,88
23/02/2018,09:30:00,0,26.7,84
23/02/2018,09:45:00,0,27.1,80
23/02/2018,10:00:00,0,27.4,78
23/02/2018,10:15:00,0,27.4,79
23/02/2018,10:30:00,0,27.1,79
23/02/2018,10:45:00,0,27.6,78
23/02/2018,11:00:00,0,27.4,77
23/02/2018,11:15:00,0,26.2,82
23/02/2018,11:30:00,0,25.2,87
23/02/2018,11:45:00,6.2,24,92
23/02/2018,12:00:00,6.4,24,94
23/02/2018,12:15:00,0.6,24.2,95
23/02/2018,12:30:00,3,24.2,96
23/02/2018,12:45:00,1.2,24.2,96
23/02/2018,13:00:00,1.4,24,96
23/02/2018,13:15:00,0,24.2,95
23/02/2018,13:30:00,0,24.5,95
23/02/2018,13:45:00,0,25.2,94
23/02/2018,14:00:00,0,25.2,90
23/02/2018,14:15:00,0.2,25.2,89
23/02/2018,14:30:00,0,25.7,90
23/02/2018,14:45:00,0.4,24.7,90
23/02/2018,15:00:00,0,24.7,91
23/02/2018,15:15:00,0,25.2,90
23/02/2018,15:30:00,0,25.7,89
23/02/2018,15:45:00,0,25.7,88
23/02/2018,16:00:00,0,25.9,85
23/02/2018,16:15:00,0,26.4,82
23/02/2018,16:30:00,0,26.4,80
23/02/2018,16:45:00,0,26.4,79
23/02/2018,17:00:00,0,26.9,81
23/02/2018,17:15:00,0,25.7,86
23/02/2018,17:30:00,0,26.4,81
23/02/2018,17:45:00,0,26.2,81
23/02/2018,18:00:00,0,25.4,87
23/02/2018,18:15:00,0,25.4,87
23/02/2018,18:30:00,0.2,25.9,82
23/02/2018,18:45:00,0,25.9,81
23/02/2018,19:00:00,0,25.9,81
23/02/2018,19:15:00,0,25.9,81
23/02/2018,19:30:00,0,25.2,84
23/02/2018,19:45:00,0,24.9,86
23/02/2018,20:00:00,0,24.7,87
23/02/2018,20:15:00,0,24.5,89
23/02/2018,20:30:00,0,24.2,90
23/02/2018,20:45:00,0,24,92
23/02/2018,21:00:00,0,24,93
23/02/2018,21:15:00,0,24,93
23/02/2018,21:30:00,0,23.7,94
23/02/2018,21:45:00,0,23.7,94
23/02/2018,22:00:00,0,24.2,93
23/02/2018,22:15:00,0,24.2,93
23/02/2018,22:30:00,0,24,94
23/02/2018,22:45:00,0,23.5,95
23/02/2018,23:00:00,0,23.2,96
23/02/2018,23:15:00,0,23.2,96
23/02/2018,23:30:00,0,23,96
23/02/2018,23:45:00,0,23.2,96
24/02/2018,00:00:00,0,23.2,96
24/02/2018,00:15:00,0,23,96
24/02/2018,00:30:00,0,22.7,96
24/02/2018,00:45:00,0,22.7,96
24/02/2018,01:00:00,0,22.5,97
24/02/2018,01:15:00,0,22.7,97
24/02/2018,01:30:00,0,22.5,97
24/02/2018,01:45:00,0,22.5,97
24/02/2018,02:00:00,0,22.7,97
24/02/2018,02:15:00,0,22.7,97
24/02/2018,02:30:00,0,22.5,97
24/02/2018,02:45:00,0,22.5,96
24/02/2018,03:00:00,0,22.3,95
24/02/2018,03:15:00,0,22.3,96
24/02/2018,03:30:00,0,22,96
24/02/2018,03:45:00,0,22.3,96
24/02/2018,04:00:00,0,22.5,95
24/02/2018,04:15:00,0,22.3,95
24/02/2018,04:30:00,0,22.5,94
24/02/2018,04:45:00,0,22.5,94
24/02/2018,05:00:00,0,23,94
24/02/2018,05:15:00,0,23.2,93
24/02/2018,05:30:00,0,23,93
24/02/2018,05:45:00,0,22.7,94
24/02/2018,06:00:00,0,22.7,94
24/02/2018,06:15:00,0,22.5,95
24/02/2018,06:30:00,0,22.7,95
24/02/2018,06:45:00,0,22.7,95
24/02/2018,07:00:00,0,22.7,95
24/02/2018,07:15:00,0,23,93
24/02/2018,07:30:00,0,23.5,91
24/02/2018,07:45:00,0,24,89
24/02/2018,08:00:00,0,23.7,90
24/02/2018,08:15:00,0,24,89
24/02/2018,08:30:00,0,24.2,87
24/02/2018,08:45:00,0,24.7,82
24/02/2018,09:00:00,0,25.4,80
24/02/2018,09:15:00,0,25.7,77
24/02/2018,09:30:00,0,26.2,75
24/02/2018,09:45:00,0,26.4,73
24/02/2018,10:00:00,0,26.4,72
24/02/2018,10:15:00,0,26.9,67
24/02/2018,10:30:00,0,26.9,67
24/02/2018,10:45:00,0,27.4,68
24/02/2018,11:00:00,0,27.1,68
24/02/2018,11:15:00,0,27.1,65
24/02/2018,11:30:00,0,27.4,66
24/02/2018,11:45:00,0,28.1,65
24/02/2018,12:00:00,0,28.1,65
24/02/2018,12:15:00,0,27.9,62
24/02/2018,12:30:00,0,28.1,61
24/02/2018,12:45:00,0,28.4,62
24/02/2018,13:00:00,0,28.1,63
24/02/2018,13:15:00,0,27.9,63
24/02/2018,13:30:00,0,27.6,64
24/02/2018,13:45:00,0,27.1,67
24/02/2018,14:00:00,0,27.1,66
24/02/2018,14:15:00,0,27.1,66
24/02/2018,14:30:00,0,27.1,65
24/02/2018,14:45:00,0,27.4,66
24/02/2018,15:00:00,0,26.7,67
24/02/2018,15:15:00,0,27.4,67
24/02/2018,15:30:00,0,27.1,71
24/02/2018,15:45:00,0,27.1,69
24/02/2018,16:00:00,0,27.1,67
24/02/2018,16:15:00,0,26.9,67
24/02/2018,16:30:00,0,26.9,70
24/02/2018,16:45:00,0,26.9,69
24/02/2018,17:00:00,0,26.7,72
24/02/2018,17:15:00,0,26.4,73
24/02/2018,17:30:00,0,26.4,72
24/02/2018,17:45:00,0,26.4,73
24/02/2018,18:00:00,0,26.2,72
24/02/2018,18:15:00,0,26.4,75
24/02/2018,18:30:00,0,26.2,75
24/02/2018,18:45:00,0,26.2,74
24/02/2018,19:00:00,0,26.2,74
24/02/2018,19:15:00,0,25.9,74
24/02/2018,19:30:00,0,26.2,73
24/02/2018,19:45:00,0,26.2,74
24/02/2018,20:00:00,0,25.9,73
24/02/2018,20:15:00,0,26.2,74
24/02/2018,20:30:00,0,25.9,74
24/02/2018,20:45:00,0,25.9,74
24/02/2018,21:00:00,0,26.2,74
24/02/2018,21:15:00,0,25.9,74
24/02/2018,21:30:00,0,25.9,74
24/02/2018,21:45:00,0,25.9,74
24/02/2018,22:00:00,0,25.9,74
24/02/2018,22:15:00,0,25.9,74
24/02/2018,22:30:00,0,25.7,74
24/02/2018,22:45:00,0,25.7,74
24/02/2018,23:00:00,0,25.7,74
24/02/2018,23:15:00,0,25.4,74
24/02/2018,23:30:00,0,25.4,76
24/02/2018,23:45:00,0,24.9,77
25/02/2018,00:00:00,0,24.7,79
25/02/2018,00:15:00,0,24.2,80
25/02/2018,00:30:00,0,24.2,80
25/02/2018,00:45:00,0,23.7,83
25/02/2018,01:00:00,0,23.7,85
25/02/2018,01:15:00,0,23.7,85
25/02/2018,01:30:00,0,23.5,86
25/02/2018,01:45:00,0,23.2,86
25/02/2018,02:00:00,0,23.2,87
25/02/2018,02:15:00,0,23,88
25/02/2018,02:30:00,0,23,88
25/02/2018,02:45:00,0,22.7,88
25/02/2018,03:00:00,0,22.7,89
25/02/2018,03:15:00,0,22.5,89
25/02/2018,03:30:00,0,22.3,90
25/02/2018,03:45:00,0,22.3,90
25/02/2018,04:00:00,0,22.3,91
25/02/2018,04:15:00,0,22.3,91
25/02/2018,04:30:00,0,22.3,91
25/02/2018,04:45:00,0,22.3,91
25/02/2018,05:00:00,0,22.7,90
25/02/2018,05:15:00,0,22.3,90
25/02/2018,05:30:00,0,22.3,91
25/02/2018,05:45:00,0,22,92
25/02/2018,06:00:00,0,22,92
25/02/2018,06:15:00,0,22,92
25/02/2018,06:30:00,0,22.5,92
25/02/2018,06:45:00,0,23.2,89
25/02/2018,07:00:00,0,24,86
25/02/2018,07:15:00,0,24.2,85
25/02/2018,07:30:00,0,25.9,77
25/02/2018,07:45:00,0,26.4,73
25/02/2018,08:00:00,0,27.6,71
25/02/2018,08:15:00,0,25.9,72
25/02/2018,08:30:00,0,25.9,72
25/02/2018,08:45:00,0,26.4,71
25/02/2018,09:00:00,0,27.1,67
25/02/2018,09:15:00,0,26.9,68
25/02/2018,09:30:00,0,26.9,67
25/02/2018,09:45:00,0,27.4,65
25/02/2018,10:00:00,0,27.6,65
25/02/2018,10:15:00,0,27.6,66
25/02/2018,10:30:00,0,27.1,66
25/02/2018,10:45:00,0,27.4,68
25/02/2018,11:00:00,0,26.9,68
25/02/2018,11:15:00,0,27.4,67
25/02/2018,11:30:00,0,27.1,66
25/02/2018,11:45:00,0,27.6,68
25/02/2018,12:00:00,0,28.1,65
25/02/2018,12:15:00,0,27.6,67
25/02/2018,12:30:00,0,27.9,65
25/02/2018,12:45:00,0,27.4,68
25/02/2018,13:00:00,0,27.4,66
25/02/2018,13:15:00,0,27.4,67
25/02/2018,13:30:00,0,27.4,69
25/02/2018,13:45:00,0,27.1,70
25/02/2018,14:00:00,0,27.4,70
25/02/2018,14:15:00,0,27.4,68
25/02/2018,14:30:00,0,27.1,70
25/02/2018,14:45:00,0,27.4,69
25/02/2018,15:00:00,0,27.4,70
25/02/2018,15:15:00,0,27.4,69
25/02/2018,15:30:00,0,26.7,68
25/02/2018,15:45:00,0,27.1,67
25/02/2018,16:00:00,0,27.1,69
25/02/2018,16:15:00,0,27.1,69
25/02/2018,16:30:00,0,26.9,71
25/02/2018,16:45:00,0,26.9,69
25/02/2018,17:00:00,0,26.4,70
25/02/2018,17:15:00,0,26.4,71
25/02/2018,17:30:00,0,26.7,71
25/02/2018,17:45:00,0,26.4,71
25/02/2018,18:00:00,0,26.4,71
25/02/2018,18:15:00,0,26.2,72
25/02/2018,18:30:00,0,26.4,72
25/02/2018,18:45:00,0,26.4,72
25/02/2018,19:00:00,0,26.4,71
25/02/2018,19:15:00,0,26.4,70
25/02/2018,19:30:00,0,26.4,70
25/02/2018,19:45:00,0,26.4,69
25/02/2018,20:00:00,0,26.4,70
25/02/2018,20:15:00,0,25.7,74
25/02/2018,20:30:00,0,25.7,74
25/02/2018,20:45:00,0,25.7,74
25/02/2018,21:00:00,0,25.7,74
25/02/2018,21:15:00,0,25.7,75
25/02/2018,21:30:00,0,25.4,77
25/02/2018,21:45:00,0,25.4,78
25/02/2018,22:00:00,0,25.2,78
25/02/2018,22:15:00,0,25.4,78
25/02/2018,22:30:00,0,24.9,79
25/02/2018,22:45:00,0,24.9,79
25/02/2018,23:00:00,0,25.4,76
25/02/2018,23:15:00,0,24.9,78
25/02/2018,23:30:00,0,24.7,79
25/02/2018,23:45:00,0,24.5,80
26/02/2018,00:00:00,0,24.5,80
26/02/2018,00:15:00,0,24.2,82
26/02/2018,00:30:00,0,24.5,82
26/02/2018,00:45:00,0,24.2,82
26/02/2018,01:00:00,0,24.5,82
26/02/2018,01:15:00,0,24.2,82
26/02/2018,01:30:00,0,24.2,82
26/02/2018,01:45:00,0,24,84
26/02/2018,02:00:00,0,24.9,78
26/02/2018,02:15:00,0,24.7,79
26/02/2018,02:30:00,0,24.9,79
26/02/2018,02:45:00,0,24.9,78
26/02/2018,03:00:00,0,25.2,77
26/02/2018,03:15:00,0,25.2,78
26/02/2018,03:30:00,0,25.2,78
26/02/2018,03:45:00,0,24.9,79
26/02/2018,04:00:00,0,24.7,80
26/02/2018,04:15:00,0,24.7,80
26/02/2018,04:30:00,0,24.5,81
26/02/2018,04:45:00,0,24.2,83
26/02/2018,05:00:00,0,24,85
26/02/2018,05:15:00,0,24.2,84
26/02/2018,05:30:00,0,24.5,83
26/02/2018,05:45:00,0,24.5,82
26/02/2018,06:00:00,0,24,85
26/02/2018,06:15:00,0,24.5,83
26/02/2018,06:30:00,0,24.5,83
26/02/2018,06:45:00,0,24.7,82
26/02/2018,07:00:00,0,25.2,81
26/02/2018,07:15:00,0,25.2,81
26/02/2018,07:30:00,0,25.2,81
26/02/2018,07:45:00,0,25.4,81
26/02/2018,08:00:00,0,25.4,81
26/02/2018,08:15:00,0,25.9,78
26/02/2018,08:30:00,0,26.2,77
26/02/2018,08:45:00,0,26.9,73
26/02/2018,09:00:00,0,27.1,71
26/02/2018,09:15:00,0,26.7,70
26/02/2018,09:30:00,0,27.1,71
26/02/2018,09:45:00,0,27.9,68
26/02/2018,10:00:00,0,27.9,69
26/02/2018,10:15:00,0,28.4,66
26/02/2018,10:30:00,0,28.4,67
26/02/2018,10:45:00,0,28.4,66
26/02/2018,11:00:00,0,28.6,64
26/02/2018,11:15:00,0,28.1,68
26/02/2018,11:30:00,0,28.1,70
26/02/2018,11:45:00,0,27.9,69
26/02/2018,12:00:00,0,28.4,68
26/02/2018,12:15:00,0,28.4,70
26/02/2018,12:30:00,0,28.1,70
26/02/2018,12:45:00,0,28.1,71
26/02/2018,13:00:00,0,27.6,72
26/02/2018,13:15:00,0,27.6,72
26/02/2018,13:30:00,0,27.9,72
26/02/2018,13:45:00,0,27.9,71
26/02/2018,14:00:00,0,27.9,74
26/02/2018,14:15:00,0,27.9,74
26/02/2018,14:30:00,0,27.9,75
26/02/2018,14:45:00,0,27.4,77
26/02/2018,15:00:00,0,27.6,78
26/02/2018,15:15:00,0,27.4,77
26/02/2018,15:30:00,0,27.4,76
26/02/2018,15:45:00,0,27.1,77
26/02/2018,16:00:00,0,27.1,77
26/02/2018,16:15:00,0,27.1,79
26/02/2018,16:30:00,0,26.9,81
26/02/2018,16:45:00,0,26.9,82
26/02/2018,17:00:00,0,26.4,84
26/02/2018,17:15:00,0.2,26.2,86
26/02/2018,17:30:00,0,25.4,90
26/02/2018,17:45:00,0,25.7,91
26/02/2018,18:00:00,0.2,25.4,92
26/02/2018,18:15:00,0,25.4,93
26/02/2018,18:30:00,0,25.2,94
26/02/2018,18:45:00,0,25.2,94
26/02/2018,19:00:00,0,24.9,95
26/02/2018,19:15:00,0,25.2,95
26/02/2018,19:30:00,0.2,24.9,95
26/02/2018,19:45:00,0.2,24.9,96
26/02/2018,20:00:00,0.2,24.7,96
26/02/2018,20:15:00,0,24.9,97
26/02/2018,20:30:00,0.2,24.9,97
26/02/2018,20:45:00,0,24.7,97
26/02/2018,21:00:00,0,24.5,98
26/02/2018,21:15:00,0,24.5,97
26/02/2018,21:30:00,0.2,24.5,98
26/02/2018,21:45:00,0,24.5,98
26/02/2018,22:00:00,0,24.2,98
26/02/2018,22:15:00,0,24.5,97
26/02/2018,22:30:00,0,24.7,95
26/02/2018,22:45:00,0,24.9,93
26/02/2018,23:00:00,0,25.2,92
26/02/2018,23:15:00,0,24.9,93
26/02/2018,23:30:00,0,24.9,92
26/02/2018,23:45:00,0,24.7,93
27/02/2018,00:00:00,0,24.7,93
27/02/2018,00:15:00,0,25.2,91
27/02/2018,00:30:00,0,25.2,87
27/02/2018,00:45:00,0,24.7,89
27/02/2018,01:00:00,0,24.7,89
27/02/2018,01:15:00,0,24.9,86
27/02/2018,01:30:00,0,24.7,86
27/02/2018,01:45:00,0,24.2,89
27/02/2018,02:00:00,0,24,92
27/02/2018,02:15:00,0,24,91
27/02/2018,02:30:00,0,23.7,91
27/02/2018,02:45:00,0,24,91
27/02/2018,03:00:00,0,24,91
27/02/2018,03:15:00,0,23.5,92
27/02/2018,03:30:00,0,23.5,93
27/02/2018,03:45:00,0,23.7,93
27/02/2018,04:00:00,0,24,91
27/02/2018,04:15:00,0,23.7,92
27/02/2018,04:30:00,0,23.5,93
27/02/2018,04:45:00,0,23.2,94
27/02/2018,05:00:00,0,23.2,94
27/02/2018,05:15:00,0,23.5,94
27/02/2018,05:30:00,0,23.2,95
27/02/2018,05:45:00,0,23.5,95
27/02/2018,06:00:00,0,23.2,95
27/02/2018,06:15:00,0,23.2,96
27/02/2018,06:30:00,0,23.7,96
27/02/2018,06:45:00,0,24,96
27/02/2018,07:00:00,0,24.2,95
27/02/2018,07:15:00,0,24.5,95
27/02/2018,07:30:00,0,24.5,95
27/02/2018,07:45:00,0,24.7,94
27/02/2018,08:00:00,0,25.7,92
27/02/2018,08:15:00,0,26.2,90
27/02/2018,08:30:00,0,26.9,85
27/02/2018,08:45:00,0,26.9,85
27/02/2018,09:00:00,0,27.1,84
27/02/2018,09:15:00,0,27.4,81
27/02/2018,09:30:00,0,27.9,75
27/02/2018,09:45:00,0,28.1,74
27/02/2018,10:00:00,0,27.4,75
27/02/2018,10:15:00,0,27.4,76
27/02/2018,10:30:00,0,26.7,78
27/02/2018,10:45:00,0.2,25.7,84
27/02/2018,11:00:00,0.2,26.2,85
27/02/2018,11:15:00,0,25.9,82
27/02/2018,11:30:00,0.2,26.2,81
27/02/2018,11:45:00,0,26.2,82
27/02/2018,12:00:00,0,26.9,82
27/02/2018,12:15:00,0,27.4,79
27/02/2018,12:30:00,0,27.1,77
27/02/2018,12:45:00,0,27.1,77
27/02/2018,13:00:00,0,26.9,75
27/02/2018,13:15:00,0,27.6,72
27/02/2018,13:30:00,0,27.1,75
27/02/2018,13:45:00,0,27.1,74
27/02/2018,14:00:00,0,27.4,73
27/02/2018,14:15:00,0,27.6,72
27/02/2018,14:30:00,0,28.4,71
27/02/2018,14:45:00,0,28.4,70
27/02/2018,15:00:00,0,28.4,70
27/02/2018,15:15:00,0,28.6,71
27/02/2018,15:30:00,0,28.6,69
27/02/2018,15:45:00,0,28.1,72
27/02/2018,16:00:00,0,28.1,72
27/02/2018,16:15:00,0,27.6,75
27/02/2018,16:30:00,0,27.4,78
27/02/2018,16:45:00,0,26.9,81
27/02/2018,17:00:00,0,26.7,82
27/02/2018,17:15:00,0,27.1,83
27/02/2018,17:30:00,0,26.9,84
27/02/2018,17:45:00,0,26.9,84
27/02/2018,18:00:00,0,26.7,85
27/02/2018,18:15:00,0,26.4,86
27/02/2018,18:30:00,0,26.7,86
27/02/2018,18:45:00,0,26.7,85
27/02/2018,19:00:00,0,26.4,85
27/02/2018,19:15:00,2,25.7,89
27/02/2018,19:30:00,12.6,23.7,93
27/02/2018,19:45:00,15.8,23.2,95
27/02/2018,20:00:00,0.6,23.2,96
27/02/2018,20:15:00,0,23.7,96
27/02/2018,20:30:00,0,23.5,96
27/02/2018,20:45:00,0,23.5,97
27/02/2018,21:00:00,0,23.5,97
27/02/2018,21:15:00,0,23.5,97
27/02/2018,21:30:00,0.2,23.7,97
27/02/2018,21:45:00,0.2,23.5,97
27/02/2018,22:00:00,0,23.2,97
27/02/2018,22:15:00,0,23.5,97
27/02/2018,22:30:00,0,23,97
27/02/2018,22:45:00,0,23,97
27/02/2018,23:00:00,0,22.7,97
27/02/2018,23:15:00,0,22.7,97
27/02/2018,23:30:00,0,23,97
27/02/2018,23:45:00,0,22.7,97
28/02/2018,00:00:00,0,22.7,98
28/02/2018,00:15:00,0,22.5,98
28/02/2018,00:30:00,0,22.5,98
28/02/2018,00:45:00,0,22.7,98
28/02/2018,01:00:00,0,22.5,98
28/02/2018,01:15:00,0,22.5,98
28/02/2018,01:30:00,0,22.7,98
28/02/2018,01:45:00,0,22.7,97
28/02/2018,02:00:00,0,22.7,98
28/02/2018,02:15:00,0,23.2,97
28/02/2018,02:30:00,0,22.7,97
28/02/2018,02:45:00,0,23,97
28/02/2018,03:00:00,0,22.7,97
28/02/2018,03:15:00,0,23,97
28/02/2018,03:30:00,0,23.2,97
28/02/2018,03:45:00,0,23.2,96
28/02/2018,04:00:00,0,23,95
28/02/2018,04:15:00,0,23.2,96
28/02/2018,04:30:00,0,22.7,96
28/02/2018,04:45:00,0,23,96
28/02/2018,05:00:00,0,22.7,96
28/02/2018,05:15:00,0,22.5,97
28/02/2018,05:30:00,0,22.7,97
28/02/2018,05:45:00,0,22.7,97
28/02/2018,06:00:00,0,22.7,97
28/02/2018,06:15:00,0,23,97
28/02/2018,06:30:00,0,23.7,96
28/02/2018,06:45:00,0,24.2,95
28/02/2018,07:00:00,0,24.7,92
28/02/2018,07:15:00,0,25.7,89
28/02/2018,07:30:00,0,26.7,85
28/02/2018,07:45:00,0,26.9,85
28/02/2018,08:00:00,0,27.1,82
28/02/2018,08:15:00,0,27.6,78
28/02/2018,08:30:00,0,29.1,72
28/02/2018,08:45:00,0,28.1,76
28/02/2018,09:00:00,0,28.6,72
28/02/2018,09:15:00,0,29.3,71
28/02/2018,09:30:00,0,29.3,70
28/02/2018,09:45:00,0,29.3,68
28/02/2018,10:00:00,0,29.3,66
28/02/2018,10:15:00,0,29.3,63
28/02/2018,10:30:00,0,29.6,63
28/02/2018,10:45:00,0,29.3,62
28/02/2018,11:00:00,0,29.1,66
28/02/2018,11:15:00,0,29.3,66
28/02/2018,11:30:00,0,29.6,66
28/02/2018,11:45:00,0,28.8,68
28/02/2018,12:00:00,0,28.8,66
28/02/2018,12:15:00,0,30.3,65
28/02/2018,12:30:00,0,28.8,68
28/02/2018,12:45:00,0,29.3,72
28/02/2018,13:00:00,0,28.6,74
28/02/2018,13:15:00,0,29.1,73
28/02/2018,13:30:00,0,29.1,73
28/02/2018,13:45:00,0,28.4,77
28/02/2018,14:00:00,0,28.6,75
28/02/2018,14:15:00,0,28.6,76
28/02/2018,14:30:00,0,28.8,75
28/02/2018,14:45:00,0,28.4,77
28/02/2018,15:00:00,0,28.4,76
28/02/2018,15:15:00,0,28.4,76
28/02/2018,15:30:00,0,28.6,74
28/02/2018,15:45:00,0,28.4,76
28/02/2018,16:00:00,0,28.4,76
28/02/2018,16:15:00,0,27.9,76
28/02/2018,16:30:00,0,27.9,77
28/02/2018,16:45:00,0,27.6,78
28/02/2018,17:00:00,0,27.6,77
28/02/2018,17:15:00,0,27.6,79
28/02/2018,17:30:00,0,27.4,79
28/02/2018,17:45:00,0,27.4,79
28/02/2018,18:00:00,0,27.4,80
28/02/2018,18:15:00,0,27.4,81
28/02/2018,18:30:00,0,27.1,81
28/02/2018,18:45:00,0,27.1,80
28/02/2018,19:00:00,0,27.1,80
28/02/2018,19:15:00,0,27.1,80
28/02/2018,19:30:00,0,26.9,80
28/02/2018,19:45:00,0,26.9,81
28/02/2018,20:00:00,0,26.9,83
28/02/2018,20:15:00,0,26.2,84
28/02/2018,20:30:00,0,26.4,85
28/02/2018,20:45:00,0,26.2,85
28/02/2018,21:00:00,0,25.7,87
28/02/2018,21:15:00,0,25.7,86
28/02/2018,21:30:00,0,25.2,89
28/02/2018,21:45:00,0,25.2,90
28/02/2018,22:00:00,0,24.9,90
28/02/2018,22:15:00,0,24.7,91
28/02/2018,22:30:00,0,24.7,91
28/02/2018,22:45:00,0,25.2,89
28/02/2018,23:00:00,0,24.7,89
28/02/2018,23:15:00,0,24.7,89
28/02/2018,23:30:00,0,24.7,90
28/02/2018,23:45:00,0,24.9,89
